y,const,trend,,ly1,ly2,ly3,ly4,ly5,ly6,ly7,ly8,ly9,ly10,ly11,ly12
1960-01-01,1.6948,1,1,NA,NA,NA,NA,NA,NA,NA,NA,NA,NA,NA,NA
1960-02-01,1.69972,1,2,1.6948,NA,NA,NA,NA,NA,NA,NA,NA,NA,NA,NA
1960-03-01,1.69201,1,3,1.69972,1.6948,NA,NA,NA,NA,NA,NA,NA,NA,NA,NA
1960-04-01,1.85952,1,4,1.69201,1.69972,1.6948,NA,NA,NA,NA,NA,NA,NA,NA,NA
1960-05-01,1.91108,1,5,1.85952,1.69201,1.69972,1.6948,NA,NA,NA,NA,NA,NA,NA,NA
1960-06-01,1.66328,1,6,1.91108,1.85952,1.69201,1.69972,1.6948,NA,NA,NA,NA,NA,NA,NA
1960-07-01,1.63367,1,7,1.66328,1.91108,1.85952,1.69201,1.69972,1.6948,NA,NA,NA,NA,NA,NA
1960-08-01,1.65742,1,8,1.63367,1.66328,1.91108,1.85952,1.69201,1.69972,1.6948,NA,NA,NA,NA,NA
1960-09-01,1.45135,1,9,1.65742,1.63367,1.66328,1.91108,1.85952,1.69201,1.69972,1.6948,NA,NA,NA,NA
1960-10-01,1.3245,1,10,1.45135,1.65742,1.63367,1.66328,1.91108,1.85952,1.69201,1.69972,1.6948,NA,NA,NA
1960-11-01,1.60265,1,11,1.3245,1.45135,1.65742,1.63367,1.66328,1.91108,1.85952,1.69201,1.69972,1.6948,NA,NA
1960-12-01,1.50356,1,12,1.60265,1.3245,1.45135,1.65742,1.63367,1.66328,1.91108,1.85952,1.69201,1.69972,1.6948,NA
1961-01-01,1.58226,1,13,1.50356,1.60265,1.3245,1.45135,1.65742,1.63367,1.66328,1.91108,1.85952,1.69201,1.69972,1.6948
1961-02-01,1.56766,1,14,1.58226,1.50356,1.60265,1.3245,1.45135,1.65742,1.63367,1.66328,1.91108,1.85952,1.69201,1.69972
1961-03-01,1.45021,1,15,1.56766,1.58226,1.50356,1.60265,1.3245,1.45135,1.65742,1.63367,1.66328,1.91108,1.85952,1.69201
1961-04-01,1.02567,1,16,1.45021,1.56766,1.58226,1.50356,1.60265,1.3245,1.45135,1.65742,1.63367,1.66328,1.91108,1.85952
1961-05-01,0.97951,1,17,1.02567,1.45021,1.56766,1.58226,1.50356,1.60265,1.3245,1.45135,1.65742,1.63367,1.66328,1.91108
1961-06-01,0.97907,1,18,0.97951,1.02567,1.45021,1.56766,1.58226,1.50356,1.60265,1.3245,1.45135,1.65742,1.63367,1.66328
1961-07-01,1.01588,1,19,0.97907,0.97951,1.02567,1.45021,1.56766,1.58226,1.50356,1.60265,1.3245,1.45135,1.65742,1.63367
1961-08-01,0.93074,1,20,1.01588,0.97907,0.97951,1.02567,1.45021,1.56766,1.58226,1.50356,1.60265,1.3245,1.45135,1.65742
1961-09-01,0.98794,1,21,0.93074,1.01588,0.97907,0.97951,1.02567,1.45021,1.56766,1.58226,1.50356,1.60265,1.3245,1.45135
1961-10-01,0.86505,1,22,0.98794,0.93074,1.01588,0.97907,0.97951,1.02567,1.45021,1.56766,1.58226,1.50356,1.60265,1.3245
1961-11-01,0.53005,1,23,0.86505,0.98794,0.93074,1.01588,0.97907,0.97951,1.02567,1.45021,1.56766,1.58226,1.50356,1.60265
1961-12-01,0.53633,1,24,0.53005,0.86505,0.98794,0.93074,1.01588,0.97907,0.97951,1.02567,1.45021,1.56766,1.58226,1.50356
1962-01-01,0.70859,1,25,0.53633,0.53005,0.86505,0.98794,0.93074,1.01588,0.97907,0.97951,1.02567,1.45021,1.56766,1.58226
1962-02-01,0.88654,1,26,0.70859,0.53633,0.53005,0.86505,0.98794,0.93074,1.01588,0.97907,0.97951,1.02567,1.45021,1.56766
1962-03-01,1.07849,1,27,0.88654,0.70859,0.53633,0.53005,0.86505,0.98794,0.93074,1.01588,0.97907,0.97951,1.02567,1.45021
1962-04-01,1.25152,1,28,1.07849,0.88654,0.70859,0.53633,0.53005,0.86505,0.98794,0.93074,1.01588,0.97907,0.97951,1.02567
1962-05-01,1.25718,1,29,1.25152,1.07849,0.88654,0.70859,0.53633,0.53005,0.86505,0.98794,0.93074,1.01588,0.97907,0.97951
1962-06-01,1.27575,1,30,1.25718,1.25152,1.07849,0.88654,0.70859,0.53633,0.53005,0.86505,0.98794,0.93074,1.01588,0.97907
1962-07-01,0.9993,1,31,1.27575,1.25718,1.25152,1.07849,0.88654,0.70859,0.53633,0.53005,0.86505,0.98794,0.93074,1.01588
1962-08-01,1.06207,1,32,0.9993,1.27575,1.25718,1.25152,1.07849,0.88654,0.70859,0.53633,0.53005,0.86505,0.98794,0.93074
1962-09-01,1.442,1,33,1.06207,0.9993,1.27575,1.25718,1.25152,1.07849,0.88654,0.70859,0.53633,0.53005,0.86505,0.98794
1962-10-01,1.3468,1,34,1.442,1.06207,0.9993,1.27575,1.25718,1.25152,1.07849,0.88654,0.70859,0.53633,0.53005,0.86505
1962-11-01,1.41024,1,35,1.3468,1.442,1.06207,0.9993,1.27575,1.25718,1.25152,1.07849,0.88654,0.70859,0.53633,0.53005
1962-12-01,1.34637,1,36,1.41024,1.3468,1.442,1.06207,0.9993,1.27575,1.25718,1.25152,1.07849,0.88654,0.70859,0.53633
1963-01-01,1.40086,1,37,1.34637,1.41024,1.3468,1.442,1.06207,0.9993,1.27575,1.25718,1.25152,1.07849,0.88654,0.70859
1963-02-01,1.23909,1,38,1.40086,1.34637,1.41024,1.3468,1.442,1.06207,0.9993,1.27575,1.25718,1.25152,1.07849,0.88654
1963-03-01,1.02279,1,39,1.23909,1.40086,1.34637,1.41024,1.3468,1.442,1.06207,0.9993,1.27575,1.25718,1.25152,1.07849
1963-04-01,0.90181,1,40,1.02279,1.23909,1.40086,1.34637,1.41024,1.3468,1.442,1.06207,0.9993,1.27575,1.25718,1.25152
1963-05-01,1.00208,1,41,0.90181,1.02279,1.23909,1.40086,1.34637,1.41024,1.3468,1.442,1.06207,0.9993,1.27575,1.25718
1963-06-01,1.15891,1,42,1.00208,0.90181,1.02279,1.23909,1.40086,1.34637,1.41024,1.3468,1.442,1.06207,0.9993,1.27575
1963-07-01,1.41795,1,43,1.15891,1.00208,0.90181,1.02279,1.23909,1.40086,1.34637,1.41024,1.3468,1.442,1.06207,0.9993
1963-08-01,1.4096,1,44,1.41795,1.15891,1.00208,0.90181,1.02279,1.23909,1.40086,1.34637,1.41024,1.3468,1.442,1.06207
1963-09-01,0.89549,1,45,1.4096,1.41795,1.15891,1.00208,0.90181,1.02279,1.23909,1.40086,1.34637,1.41024,1.3468,1.442
1963-10-01,1.191,1,46,0.89549,1.4096,1.41795,1.15891,1.00208,0.90181,1.02279,1.23909,1.40086,1.34637,1.41024,1.3468
1963-11-01,1.26535,1,47,1.191,0.89549,1.4096,1.41795,1.15891,1.00208,0.90181,1.02279,1.23909,1.40086,1.34637,1.41024
1963-12-01,1.45382,1,48,1.26535,1.191,0.89549,1.4096,1.41795,1.15891,1.00208,0.90181,1.02279,1.23909,1.40086,1.34637
1964-01-01,1.41902,1,49,1.45382,1.26535,1.191,0.89549,1.4096,1.41795,1.15891,1.00208,0.90181,1.02279,1.23909,1.40086
1964-02-01,1.45498,1,50,1.41902,1.45382,1.26535,1.191,0.89549,1.4096,1.41795,1.15891,1.00208,0.90181,1.02279,1.23909
1964-03-01,1.5999,1,51,1.45498,1.41902,1.45382,1.26535,1.191,0.89549,1.4096,1.41795,1.15891,1.00208,0.90181,1.02279
1964-04-01,1.68125,1,52,1.5999,1.45498,1.41902,1.45382,1.26535,1.191,0.89549,1.4096,1.41795,1.15891,1.00208,0.90181
1964-05-01,1.52877,1,53,1.68125,1.5999,1.45498,1.41902,1.45382,1.26535,1.191,0.89549,1.4096,1.41795,1.15891,1.00208
1964-06-01,1.45072,1,54,1.52877,1.68125,1.5999,1.45498,1.41902,1.45382,1.26535,1.191,0.89549,1.4096,1.41795,1.15891
1964-07-01,1.37948,1,55,1.45072,1.52877,1.68125,1.5999,1.45498,1.41902,1.45382,1.26535,1.191,0.89549,1.4096,1.41795
1964-08-01,1.31554,1,56,1.37948,1.45072,1.52877,1.68125,1.5999,1.45498,1.41902,1.45382,1.26535,1.191,0.89549,1.4096
1964-09-01,1.48957,1,57,1.31554,1.37948,1.45072,1.52877,1.68125,1.5999,1.45498,1.41902,1.45382,1.26535,1.191,0.89549
1964-10-01,1.35663,1,58,1.48957,1.31554,1.37948,1.45072,1.52877,1.68125,1.5999,1.45498,1.41902,1.45382,1.26535,1.191
1964-11-01,1.3547,1,59,1.35663,1.48957,1.31554,1.37948,1.45072,1.52877,1.68125,1.5999,1.45498,1.41902,1.45382,1.26535
1964-12-01,1.35269,1,60,1.3547,1.35663,1.48957,1.31554,1.37948,1.45072,1.52877,1.68125,1.5999,1.45498,1.41902,1.45382
1965-01-01,1.25123,1,61,1.35269,1.3547,1.35663,1.48957,1.31554,1.37948,1.45072,1.52877,1.68125,1.5999,1.45498,1.41902
1965-02-01,1.15098,1,62,1.25123,1.35269,1.3547,1.35663,1.48957,1.31554,1.37948,1.45072,1.52877,1.68125,1.5999,1.45498
1965-03-01,1.21794,1,63,1.15098,1.25123,1.35269,1.3547,1.35663,1.48957,1.31554,1.37948,1.45072,1.52877,1.68125,1.5999
1965-04-01,1.30309,1,64,1.21794,1.15098,1.25123,1.35269,1.3547,1.35663,1.48957,1.31554,1.37948,1.45072,1.52877,1.68125
1965-05-01,1.51804,1,65,1.30309,1.21794,1.15098,1.25123,1.35269,1.3547,1.35663,1.48957,1.31554,1.37948,1.45072,1.52877
1965-06-01,1.66933,1,66,1.51804,1.30309,1.21794,1.15098,1.25123,1.35269,1.3547,1.35663,1.48957,1.31554,1.37948,1.45072
1965-07-01,1.61201,1,67,1.66933,1.51804,1.30309,1.21794,1.15098,1.25123,1.35269,1.3547,1.35663,1.48957,1.31554,1.37948
1965-08-01,1.56183,1,68,1.61201,1.66933,1.51804,1.30309,1.21794,1.15098,1.25123,1.35269,1.3547,1.35663,1.48957,1.31554
1965-09-01,1.45548,1,69,1.56183,1.61201,1.66933,1.51804,1.30309,1.21794,1.15098,1.25123,1.35269,1.3547,1.35663,1.48957
1965-10-01,1.42403,1,70,1.45548,1.56183,1.61201,1.66933,1.51804,1.30309,1.21794,1.15098,1.25123,1.35269,1.3547,1.35663
1965-11-01,1.45255,1,71,1.42403,1.45548,1.56183,1.61201,1.66933,1.51804,1.30309,1.21794,1.15098,1.25123,1.35269,1.3547
1965-12-01,1.66982,1,72,1.45255,1.42403,1.45548,1.56183,1.61201,1.66933,1.51804,1.30309,1.21794,1.15098,1.25123,1.35269
1966-01-01,1.68016,1,73,1.66982,1.45255,1.42403,1.45548,1.56183,1.61201,1.66933,1.51804,1.30309,1.21794,1.15098,1.25123
1966-02-01,2.05671,1,74,1.68016,1.66982,1.45255,1.42403,1.45548,1.56183,1.61201,1.66933,1.51804,1.30309,1.21794,1.15098
1966-03-01,2.17563,1,75,2.05671,1.68016,1.66982,1.45255,1.42403,1.45548,1.56183,1.61201,1.66933,1.51804,1.30309,1.21794
1966-04-01,2.36636,1,76,2.17563,2.05671,1.68016,1.66982,1.45255,1.42403,1.45548,1.56183,1.61201,1.66933,1.51804,1.30309
1966-05-01,2.2642,1,77,2.36636,2.17563,2.05671,1.68016,1.66982,1.45255,1.42403,1.45548,1.56183,1.61201,1.66933,1.51804
1966-06-01,2.22142,1,78,2.2642,2.36636,2.17563,2.05671,1.68016,1.66982,1.45255,1.42403,1.45548,1.56183,1.61201,1.66933
1966-07-01,2.34648,1,79,2.22142,2.2642,2.36636,2.17563,2.05671,1.68016,1.66982,1.45255,1.42403,1.45548,1.56183,1.61201
1966-08-01,2.71379,1,80,2.34648,2.22142,2.2642,2.36636,2.17563,2.05671,1.68016,1.66982,1.45255,1.42403,1.45548,1.56183
1966-09-01,2.98975,1,81,2.71379,2.34648,2.22142,2.2642,2.36636,2.17563,2.05671,1.68016,1.66982,1.45255,1.42403,1.45548
1966-10-01,3.22989,1,82,2.98975,2.71379,2.34648,2.22142,2.2642,2.36636,2.17563,2.05671,1.68016,1.66982,1.45255,1.42403
1966-11-01,3.2064,1,83,3.22989,2.98975,2.71379,2.34648,2.22142,2.2642,2.36636,2.17563,2.05671,1.68016,1.66982,1.45255
1966-12-01,3.0510100000000002,1,84,3.2064,3.22989,2.98975,2.71379,2.34648,2.22142,2.2642,2.36636,2.17563,2.05671,1.68016,1.66982
1967-01-01,2.9336,1,85,3.0510100000000002,3.2064,3.22989,2.98975,2.71379,2.34648,2.22142,2.2642,2.36636,2.17563,2.05671,1.68016
1967-02-01,2.62938,1,86,2.9336,3.0510100000000002,3.2064,3.22989,2.98975,2.71379,2.34648,2.22142,2.2642,2.36636,2.17563,2.05671
1967-03-01,2.43264,1,87,2.62938,2.9336,3.0510100000000002,3.2064,3.22989,2.98975,2.71379,2.34648,2.22142,2.2642,2.36636,2.17563
1967-04-01,2.25239,1,88,2.43264,2.62938,2.9336,3.0510100000000002,3.2064,3.22989,2.98975,2.71379,2.34648,2.22142,2.2642,2.36636
1967-05-01,2.32063,1,89,2.25239,2.43264,2.62938,2.9336,3.0510100000000002,3.2064,3.22989,2.98975,2.71379,2.34648,2.22142,2.2642
1967-06-01,2.39164,1,90,2.32063,2.25239,2.43264,2.62938,2.9336,3.0510100000000002,3.2064,3.22989,2.98975,2.71379,2.34648,2.22142
1967-07-01,2.54023,1,91,2.39164,2.32063,2.25239,2.43264,2.62938,2.9336,3.0510100000000002,3.2064,3.22989,2.98975,2.71379,2.34648
1967-08-01,2.46595,1,92,2.54023,2.39164,2.32063,2.25239,2.43264,2.62938,2.9336,3.0510100000000002,3.2064,3.22989,2.98975,2.71379
1967-09-01,2.4523,1,93,2.46595,2.54023,2.39164,2.32063,2.25239,2.43264,2.62938,2.9336,3.0510100000000002,3.2064,3.22989,2.98975
1967-10-01,2.46921,1,94,2.4523,2.46595,2.54023,2.39164,2.32063,2.25239,2.43264,2.62938,2.9336,3.0510100000000002,3.2064,3.22989
1967-11-01,2.65796,1,95,2.46921,2.4523,2.46595,2.54023,2.39164,2.32063,2.25239,2.43264,2.62938,2.9336,3.0510100000000002,3.2064
1967-12-01,2.60586,1,96,2.65796,2.46921,2.4523,2.46595,2.54023,2.39164,2.32063,2.25239,2.43264,2.62938,2.9336,3.0510100000000002
1968-01-01,3.07683,1,97,2.60586,2.65796,2.46921,2.4523,2.46595,2.54023,2.39164,2.32063,2.25239,2.43264,2.62938,2.9336
1968-02-01,3.37536,1,98,3.07683,2.60586,2.65796,2.46921,2.4523,2.46595,2.54023,2.39164,2.32063,2.25239,2.43264,2.62938
1968-03-01,3.65811,1,99,3.37536,3.07683,2.60586,2.65796,2.46921,2.4523,2.46595,2.54023,2.39164,2.32063,2.25239,2.43264
1968-04-01,3.80847,1,100,3.65811,3.37536,3.07683,2.60586,2.65796,2.46921,2.4523,2.46595,2.54023,2.39164,2.32063,2.25239
1968-05-01,3.99213,1,101,3.80847,3.65811,3.37536,3.07683,2.60586,2.65796,2.46921,2.4523,2.46595,2.54023,2.39164,2.32063
1968-06-01,3.99677,1,102,3.99213,3.80847,3.65811,3.37536,3.07683,2.60586,2.65796,2.46921,2.4523,2.46595,2.54023,2.39164
1968-07-01,3.96023,1,103,3.99677,3.99213,3.80847,3.65811,3.37536,3.07683,2.60586,2.65796,2.46921,2.4523,2.46595,2.54023
1968-08-01,4.06257,1,104,3.96023,3.99677,3.99213,3.80847,3.65811,3.37536,3.07683,2.60586,2.65796,2.46921,2.4523,2.46595
1968-09-01,4.1074,1,105,4.06257,3.96023,3.99677,3.99213,3.80847,3.65811,3.37536,3.07683,2.60586,2.65796,2.46921,2.4523
1968-10-01,4.27253,1,106,4.1074,4.06257,3.96023,3.99677,3.99213,3.80847,3.65811,3.37536,3.07683,2.60586,2.65796,2.46921
1968-11-01,4.28117,1,107,4.27253,4.1074,4.06257,3.96023,3.99677,3.99213,3.80847,3.65811,3.37536,3.07683,2.60586,2.65796
1968-12-01,4.33107,1,108,4.28117,4.27253,4.1074,4.06257,3.96023,3.99677,3.99213,3.80847,3.65811,3.37536,3.07683,2.60586
1969-01-01,4.2546,1,109,4.33107,4.28117,4.27253,4.1074,4.06257,3.96023,3.99677,3.99213,3.80847,3.65811,3.37536,3.07683
1969-02-01,4.09689,1,110,4.2546,4.33107,4.28117,4.27253,4.1074,4.06257,3.96023,3.99677,3.99213,3.80847,3.65811,3.37536
1969-03-01,4.24602,1,111,4.09689,4.2546,4.33107,4.28117,4.27253,4.1074,4.06257,3.96023,3.99677,3.99213,3.80847,3.65811
1969-04-01,4.37793,1,112,4.24602,4.09689,4.2546,4.33107,4.28117,4.27253,4.1074,4.06257,3.96023,3.99677,3.99213,3.80847
1969-05-01,4.41193,1,113,4.37793,4.24602,4.09689,4.2546,4.33107,4.28117,4.27253,4.1074,4.06257,3.96023,3.99677,3.99213
1969-06-01,4.58075,1,114,4.41193,4.37793,4.24602,4.09689,4.2546,4.33107,4.28117,4.27253,4.1074,4.06257,3.96023,3.99677
1969-07-01,4.72162,1,115,4.58075,4.41193,4.37793,4.24602,4.09689,4.2546,4.33107,4.28117,4.27253,4.1074,4.06257,3.96023
1969-08-01,4.58125,1,116,4.72162,4.58075,4.41193,4.37793,4.24602,4.09689,4.2546,4.33107,4.28117,4.27253,4.1074,4.06257
1969-09-01,4.6532,1,117,4.58125,4.72162,4.58075,4.41193,4.37793,4.24602,4.09689,4.2546,4.33107,4.28117,4.27253,4.1074
1969-10-01,4.55092,1,118,4.6532,4.58125,4.72162,4.58075,4.41193,4.37793,4.24602,4.09689,4.2546,4.33107,4.28117,4.27253
1969-11-01,4.6499,1,119,4.55092,4.6532,4.58125,4.72162,4.58075,4.41193,4.37793,4.24602,4.09689,4.2546,4.33107,4.28117
1969-12-01,4.91198,1,120,4.6499,4.55092,4.6532,4.58125,4.72162,4.58075,4.41193,4.37793,4.24602,4.09689,4.2546,4.33107
1970-01-01,4.8766,1,121,4.91198,4.6499,4.55092,4.6532,4.58125,4.72162,4.58075,4.41193,4.37793,4.24602,4.09689,4.2546
1970-02-01,5.02618,1,122,4.8766,4.91198,4.6499,4.55092,4.6532,4.58125,4.72162,4.58075,4.41193,4.37793,4.24602,4.09689
1970-03-01,4.79312,1,123,5.02618,4.8766,4.91198,4.6499,4.55092,4.6532,4.58125,4.72162,4.58075,4.41193,4.37793,4.24602
1970-04-01,4.86304,1,124,4.79312,5.02618,4.8766,4.91198,4.6499,4.55092,4.6532,4.58125,4.72162,4.58075,4.41193,4.37793
1970-05-01,4.77434,1,125,4.86304,4.79312,5.02618,4.8766,4.91198,4.6499,4.55092,4.6532,4.58125,4.72162,4.58075,4.41193
1970-06-01,4.53919,1,126,4.77434,4.86304,4.79312,5.02618,4.8766,4.91198,4.6499,4.55092,4.6532,4.58125,4.72162,4.58075
1970-07-01,4.46122,1,127,4.53919,4.77434,4.86304,4.79312,5.02618,4.8766,4.91198,4.6499,4.55092,4.6532,4.58125,4.72162
1970-08-01,4.44901,1,128,4.46122,4.53919,4.77434,4.86304,4.79312,5.02618,4.8766,4.91198,4.6499,4.55092,4.6532,4.58125
1970-09-01,4.48301,1,129,4.44901,4.46122,4.53919,4.77434,4.86304,4.79312,5.02618,4.8766,4.91198,4.6499,4.55092,4.6532
1970-10-01,4.64545,1,130,4.48301,4.44901,4.46122,4.53919,4.77434,4.86304,4.79312,5.02618,4.8766,4.91198,4.6499,4.55092
1970-11-01,4.60458,1,131,4.64545,4.48301,4.44901,4.46122,4.53919,4.77434,4.86304,4.79312,5.02618,4.8766,4.91198,4.6499
1970-12-01,4.58877,1,132,4.60458,4.64545,4.48301,4.44901,4.46122,4.53919,4.77434,4.86304,4.79312,5.02618,4.8766,4.91198
1971-01-01,4.43825,1,133,4.58877,4.60458,4.64545,4.48301,4.44901,4.46122,4.53919,4.77434,4.86304,4.79312,5.02618,4.8766
1971-02-01,4.32816,1,134,4.43825,4.58877,4.60458,4.64545,4.48301,4.44901,4.46122,4.53919,4.77434,4.86304,4.79312,5.02618
1971-03-01,4.41493,1,135,4.32816,4.43825,4.58877,4.60458,4.64545,4.48301,4.44901,4.46122,4.53919,4.77434,4.86304,4.79312
1971-04-01,4.2957,1,136,4.41493,4.32816,4.43825,4.58877,4.60458,4.64545,4.48301,4.44901,4.46122,4.53919,4.77434,4.86304
1971-05-01,4.39913,1,137,4.2957,4.41493,4.32816,4.43825,4.58877,4.60458,4.64545,4.48301,4.44901,4.46122,4.53919,4.77434
1971-06-01,4.59065,1,138,4.39913,4.2957,4.41493,4.32816,4.43825,4.58877,4.60458,4.64545,4.48301,4.44901,4.46122,4.53919
1971-07-01,4.5234,1,139,4.59065,4.39913,4.2957,4.41493,4.32816,4.43825,4.58877,4.60458,4.64545,4.48301,4.44901,4.46122
1971-08-01,4.55187,1,140,4.5234,4.59065,4.39913,4.2957,4.41493,4.32816,4.43825,4.58877,4.60458,4.64545,4.48301,4.44901
1971-09-01,4.24048,1,141,4.55187,4.5234,4.59065,4.39913,4.2957,4.41493,4.32816,4.43825,4.58877,4.60458,4.64545,4.48301
1971-10-01,3.88495,1,142,4.24048,4.55187,4.5234,4.59065,4.39913,4.2957,4.41493,4.32816,4.43825,4.58877,4.60458,4.64545
1971-11-01,3.69062,1,143,3.88495,4.24048,4.55187,4.5234,4.59065,4.39913,4.2957,4.41493,4.32816,4.43825,4.58877,4.60458
1971-12-01,3.63969,1,144,3.69062,3.88495,4.24048,4.55187,4.5234,4.59065,4.39913,4.2957,4.41493,4.32816,4.43825,4.58877
1972-01-01,3.84444,1,145,3.63969,3.69062,3.88495,4.24048,4.55187,4.5234,4.59065,4.39913,4.2957,4.41493,4.32816,4.43825
1972-02-01,3.95152,1,146,3.84444,3.63969,3.69062,3.88495,4.24048,4.55187,4.5234,4.59065,4.39913,4.2957,4.41493,4.32816
1972-03-01,3.75681,1,147,3.95152,3.84444,3.63969,3.69062,3.88495,4.24048,4.55187,4.5234,4.59065,4.39913,4.2957,4.41493
1972-04-01,3.50731,1,148,3.75681,3.95152,3.84444,3.63969,3.69062,3.88495,4.24048,4.55187,4.5234,4.59065,4.39913,4.2957
1972-05-01,3.30768,1,149,3.50731,3.75681,3.95152,3.84444,3.63969,3.69062,3.88495,4.24048,4.55187,4.5234,4.59065,4.39913
1972-06-01,3.00694,1,150,3.30768,3.50731,3.75681,3.95152,3.84444,3.63969,3.69062,3.88495,4.24048,4.55187,4.5234,4.59065
1972-07-01,3.06562,1,151,3.00694,3.30768,3.50731,3.75681,3.95152,3.84444,3.63969,3.69062,3.88495,4.24048,4.55187,4.5234
1972-08-01,3.06639,1,152,3.06562,3.00694,3.30768,3.50731,3.75681,3.95152,3.84444,3.63969,3.69062,3.88495,4.24048,4.55187
1972-09-01,3.37474,1,153,3.06639,3.06562,3.00694,3.30768,3.50731,3.75681,3.95152,3.84444,3.63969,3.69062,3.88495,4.24048
1972-10-01,3.33109,1,154,3.37474,3.06639,3.06562,3.00694,3.30768,3.50731,3.75681,3.95152,3.84444,3.63969,3.69062,3.88495
1972-11-01,3.42495,1,155,3.33109,3.37474,3.06639,3.06562,3.00694,3.30768,3.50731,3.75681,3.95152,3.84444,3.63969,3.69062
1972-12-01,3.34942,1,156,3.42495,3.33109,3.37474,3.06639,3.06562,3.00694,3.30768,3.50731,3.75681,3.95152,3.84444,3.63969
1973-01-01,3.23578,1,157,3.34942,3.42495,3.33109,3.37474,3.06639,3.06562,3.00694,3.30768,3.50731,3.75681,3.95152,3.84444
1973-02-01,3.36999,1,158,3.23578,3.34942,3.42495,3.33109,3.37474,3.06639,3.06562,3.00694,3.30768,3.50731,3.75681,3.95152
1973-03-01,3.95683,1,159,3.36999,3.23578,3.34942,3.42495,3.33109,3.37474,3.06639,3.06562,3.00694,3.30768,3.50731,3.75681
1973-04-01,4.56994,1,160,3.95683,3.36999,3.23578,3.34942,3.42495,3.33109,3.37474,3.06639,3.06562,3.00694,3.30768,3.50731
1973-05-01,4.85217,1,161,4.56994,3.95683,3.36999,3.23578,3.34942,3.42495,3.33109,3.37474,3.06639,3.06562,3.00694,3.30768
1973-06-01,5.29215,1,162,4.85217,4.56994,3.95683,3.36999,3.23578,3.34942,3.42495,3.33109,3.37474,3.06639,3.06562,3.00694
1973-07-01,5.29674,1,163,5.29215,4.85217,4.56994,3.95683,3.36999,3.23578,3.34942,3.42495,3.33109,3.37474,3.06639,3.06562
1973-08-01,6.20293,1,164,5.29674,5.29215,4.85217,4.56994,3.95683,3.36999,3.23578,3.34942,3.42495,3.33109,3.37474,3.06639
1973-09-01,6.14725,1,165,6.20293,5.29674,5.29215,4.85217,4.56994,3.95683,3.36999,3.23578,3.34942,3.42495,3.33109,3.37474
1973-10-01,6.62883,1,166,6.14725,6.20293,5.29674,5.29215,4.85217,4.56994,3.95683,3.36999,3.23578,3.34942,3.42495,3.33109
1973-11-01,7.18427,1,167,6.62883,6.14725,6.20293,5.29674,5.29215,4.85217,4.56994,3.95683,3.36999,3.23578,3.34942,3.42495
1973-12-01,7.72076,1,168,7.18427,6.62883,6.14725,6.20293,5.29674,5.29215,4.85217,4.56994,3.95683,3.36999,3.23578,3.34942
1974-01-01,8.4259,1,169,7.72076,7.18427,6.62883,6.14725,6.20293,5.29674,5.29215,4.85217,4.56994,3.95683,3.36999,3.23578
1974-02-01,9.1155,1,170,8.4259,7.72076,7.18427,6.62883,6.14725,6.20293,5.29674,5.29215,4.85217,4.56994,3.95683,3.36999
1974-03-01,9.60208,1,171,9.1155,8.4259,7.72076,7.18427,6.62883,6.14725,6.20293,5.29674,5.29215,4.85217,4.56994,3.95683
1974-04-01,9.56298,1,172,9.60208,9.1155,8.4259,7.72076,7.18427,6.62883,6.14725,6.20293,5.29674,5.29215,4.85217,4.56994
1974-05-01,10.10074,1,173,9.56298,9.60208,9.1155,8.4259,7.72076,7.18427,6.62883,6.14725,6.20293,5.29674,5.29215,4.85217
1974-06-01,10.40558,1,174,10.10074,9.56298,9.60208,9.1155,8.4259,7.72076,7.18427,6.62883,6.14725,6.20293,5.29674,5.29215
1974-07-01,10.81804,1,175,10.40558,10.10074,9.56298,9.60208,9.1155,8.4259,7.72076,7.18427,6.62883,6.14725,6.20293,5.29674
1974-08-01,10.69903,1,176,10.81804,10.40558,10.10074,9.56298,9.60208,9.1155,8.4259,7.72076,7.18427,6.62883,6.14725,6.20293
1974-09-01,11.40701,1,177,10.69903,10.81804,10.40558,10.10074,9.56298,9.60208,9.1155,8.4259,7.72076,7.18427,6.62883,6.14725
1974-10-01,11.57403,1,178,11.40701,10.69903,10.81804,10.40558,10.10074,9.56298,9.60208,9.1155,8.4259,7.72076,7.18427,6.62883
1974-11-01,11.49719,1,179,11.57403,11.40701,10.69903,10.81804,10.40558,10.10074,9.56298,9.60208,9.1155,8.4259,7.72076,7.18427
1974-12-01,11.46352,1,180,11.49719,11.57403,11.40701,10.69903,10.81804,10.40558,10.10074,9.56298,9.60208,9.1155,8.4259,7.72076
1975-01-01,11.09127,1,181,11.46352,11.49719,11.57403,11.40701,10.69903,10.81804,10.40558,10.10074,9.56298,9.60208,9.1155,8.4259
1975-02-01,10.40888,1,182,11.09127,11.46352,11.49719,11.57403,11.40701,10.69903,10.81804,10.40558,10.10074,9.56298,9.60208,9.1155
1975-03-01,9.51273,1,183,10.40888,11.09127,11.46352,11.49719,11.57403,11.40701,10.69903,10.81804,10.40558,10.10074,9.56298,9.60208
1975-04-01,9.11191,1,184,9.51273,10.40888,11.09127,11.46352,11.49719,11.57403,11.40701,10.69903,10.81804,10.40558,10.10074,9.56298
1975-05-01,8.4797,1,185,9.11191,9.51273,10.40888,11.09127,11.46352,11.49719,11.57403,11.40701,10.69903,10.81804,10.40558,10.10074
1975-06-01,8.23815,1,186,8.4797,9.11191,9.51273,10.40888,11.09127,11.46352,11.49719,11.57403,11.40701,10.69903,10.81804,10.40558
1975-07-01,8.36684,1,187,8.23815,8.4797,9.11191,9.51273,10.40888,11.09127,11.46352,11.49719,11.57403,11.40701,10.69903,10.81804
1975-08-01,7.71128,1,188,8.36684,8.23815,8.4797,9.11191,9.51273,10.40888,11.09127,11.46352,11.49719,11.57403,11.40701,10.69903
1975-09-01,7.13189,1,189,7.71128,8.36684,8.23815,8.4797,9.11191,9.51273,10.40888,11.09127,11.46352,11.49719,11.57403,11.40701
1975-10-01,6.98729,1,190,7.13189,7.71128,8.36684,8.23815,8.4797,9.11191,9.51273,10.40888,11.09127,11.46352,11.49719,11.57403
1975-11-01,6.87313,1,191,6.98729,7.13189,7.71128,8.36684,8.23815,8.4797,9.11191,9.51273,10.40888,11.09127,11.46352,11.49719
1975-12-01,6.61892,1,192,6.87313,6.98729,7.13189,7.71128,8.36684,8.23815,8.4797,9.11191,9.51273,10.40888,11.09127,11.46352
1976-01-01,6.36385,1,193,6.61892,6.87313,6.98729,7.13189,7.71128,8.36684,8.23815,8.4797,9.11191,9.51273,10.40888,11.09127
1976-02-01,5.92601,1,194,6.36385,6.61892,6.87313,6.98729,7.13189,7.71128,8.36684,8.23815,8.4797,9.11191,9.51273,10.40888
1976-03-01,5.72772,1,195,5.92601,6.36385,6.61892,6.87313,6.98729,7.13189,7.71128,8.36684,8.23815,8.4797,9.11191,9.51273
1976-04-01,5.61016,1,196,5.72772,5.92601,6.36385,6.61892,6.87313,6.98729,7.13189,7.71128,8.36684,8.23815,8.4797,9.11191
1976-05-01,5.68943,1,197,5.61016,5.72772,5.92601,6.36385,6.61892,6.87313,6.98729,7.13189,7.71128,8.36684,8.23815,8.4797
1976-06-01,5.49319,1,198,5.68943,5.61016,5.72772,5.92601,6.36385,6.61892,6.87313,6.98729,7.13189,7.71128,8.36684,8.23815
1976-07-01,5.12744,1,199,5.49319,5.68943,5.61016,5.72772,5.92601,6.36385,6.61892,6.87313,6.98729,7.13189,7.71128,8.36684
1976-08-01,5.24935,1,200,5.12744,5.49319,5.68943,5.61016,5.72772,5.92601,6.36385,6.61892,6.87313,6.98729,7.13189,7.71128
1976-09-01,5.31907,1,201,5.24935,5.12744,5.49319,5.68943,5.61016,5.72772,5.92601,6.36385,6.61892,6.87313,6.98729,7.13189
1976-10-01,5.25912,1,202,5.31907,5.24935,5.12744,5.49319,5.68943,5.61016,5.72772,5.92601,6.36385,6.61892,6.87313,6.98729
1976-11-01,5.0621,1,203,5.25912,5.31907,5.24935,5.12744,5.49319,5.68943,5.61016,5.72772,5.92601,6.36385,6.61892,6.87313
1976-12-01,5.07042,1,204,5.0621,5.25912,5.31907,5.24935,5.12744,5.49319,5.68943,5.61016,5.72772,5.92601,6.36385,6.61892
1977-01-01,5.28153,1,205,5.07042,5.0621,5.25912,5.31907,5.24935,5.12744,5.49319,5.68943,5.61016,5.72772,5.92601,6.36385
1977-02-01,5.96816,1,206,5.28153,5.07042,5.0621,5.25912,5.31907,5.24935,5.12744,5.49319,5.68943,5.61016,5.72772,5.92601
1977-03-01,6.33947,1,207,5.96816,5.28153,5.07042,5.0621,5.25912,5.31907,5.24935,5.12744,5.49319,5.68943,5.61016,5.72772
1977-04-01,6.71535,1,208,6.33947,5.96816,5.28153,5.07042,5.0621,5.25912,5.31907,5.24935,5.12744,5.49319,5.68943,5.61016
1977-05-01,6.74766,1,209,6.71535,6.33947,5.96816,5.28153,5.07042,5.0621,5.25912,5.31907,5.24935,5.12744,5.49319,5.68943
1977-06-01,6.87784,1,210,6.74766,6.71535,6.33947,5.96816,5.28153,5.07042,5.0621,5.25912,5.31907,5.24935,5.12744,5.49319
1977-07-01,6.88901,1,211,6.87784,6.74766,6.71535,6.33947,5.96816,5.28153,5.07042,5.0621,5.25912,5.31907,5.24935,5.12744
1977-08-01,6.79864,1,212,6.88901,6.87784,6.74766,6.71535,6.33947,5.96816,5.28153,5.07042,5.0621,5.25912,5.31907,5.24935
1977-09-01,6.60361,1,213,6.79864,6.88901,6.87784,6.74766,6.71535,6.33947,5.96816,5.28153,5.07042,5.0621,5.25912,5.31907
1977-10-01,6.54144,1,214,6.60361,6.79864,6.88901,6.87784,6.74766,6.71535,6.33947,5.96816,5.28153,5.07042,5.0621,5.25912
1977-11-01,6.66736,1,215,6.54144,6.60361,6.79864,6.88901,6.87784,6.74766,6.71535,6.33947,5.96816,5.28153,5.07042,5.0621
1977-12-01,6.58899,1,216,6.66736,6.54144,6.60361,6.79864,6.88901,6.87784,6.74766,6.71535,6.33947,5.96816,5.28153,5.07042
1978-01-01,6.59878,1,217,6.58899,6.66736,6.54144,6.60361,6.79864,6.88901,6.87784,6.74766,6.71535,6.33947,5.96816,5.28153
1978-02-01,6.26272,1,218,6.59878,6.58899,6.66736,6.54144,6.60361,6.79864,6.88901,6.87784,6.74766,6.71535,6.33947,5.96816
1978-03-01,6.417,1,219,6.26272,6.59878,6.58899,6.66736,6.54144,6.60361,6.79864,6.88901,6.87784,6.74766,6.71535,6.33947
1978-04-01,6.60472,1,220,6.417,6.26272,6.59878,6.58899,6.66736,6.54144,6.60361,6.79864,6.88901,6.87784,6.74766,6.71535
1978-05-01,6.82508,1,221,6.60472,6.417,6.26272,6.59878,6.58899,6.66736,6.54144,6.60361,6.79864,6.88901,6.87784,6.74766
1978-06-01,6.9231,1,222,6.82508,6.60472,6.417,6.26272,6.59878,6.58899,6.66736,6.54144,6.60361,6.79864,6.88901,6.87784
1978-07-01,6.95348,1,223,6.9231,6.82508,6.60472,6.417,6.26272,6.59878,6.58899,6.66736,6.54144,6.60361,6.79864,6.88901
1978-08-01,6.99685,1,224,6.95348,6.9231,6.82508,6.60472,6.417,6.26272,6.59878,6.58899,6.66736,6.54144,6.60361,6.79864
1978-09-01,7.19969,1,225,6.99685,6.95348,6.9231,6.82508,6.60472,6.417,6.26272,6.59878,6.58899,6.66736,6.54144,6.60361
1978-10-01,7.55418,1,226,7.19969,6.99685,6.95348,6.9231,6.82508,6.60472,6.417,6.26272,6.59878,6.58899,6.66736,6.54144
1978-11-01,7.54674,1,227,7.55418,7.19969,6.99685,6.95348,6.9231,6.82508,6.60472,6.417,6.26272,6.59878,6.58899,6.66736
1978-12-01,7.52636,1,228,7.54674,7.55418,7.19969,6.99685,6.95348,6.9231,6.82508,6.60472,6.417,6.26272,6.59878,6.58899
1979-01-01,7.7034,1,229,7.52636,7.54674,7.55418,7.19969,6.99685,6.95348,6.9231,6.82508,6.60472,6.417,6.26272,6.59878
1979-02-01,7.77625,1,230,7.7034,7.52636,7.54674,7.55418,7.19969,6.99685,6.95348,6.9231,6.82508,6.60472,6.417,6.26272
1979-03-01,7.9196,1,231,7.77625,7.7034,7.52636,7.54674,7.55418,7.19969,6.99685,6.95348,6.9231,6.82508,6.60472,6.417
1979-04-01,8.22504,1,232,7.9196,7.77625,7.7034,7.52636,7.54674,7.55418,7.19969,6.99685,6.95348,6.9231,6.82508,6.60472
1979-05-01,8.56973,1,233,8.22504,7.9196,7.77625,7.7034,7.52636,7.54674,7.55418,7.19969,6.99685,6.95348,6.9231,6.82508
1979-06-01,8.75625,1,234,8.56973,8.22504,7.9196,7.77625,7.7034,7.52636,7.54674,7.55418,7.19969,6.99685,6.95348,6.9231
1979-07-01,8.9896,1,235,8.75625,8.56973,8.22504,7.9196,7.77625,7.7034,7.52636,7.54674,7.55418,7.19969,6.99685,6.95348
1979-08-01,9.2699,1,236,8.9896,8.75625,8.56973,8.22504,7.9196,7.77625,7.7034,7.52636,7.54674,7.55418,7.19969,6.99685
1979-09-01,9.6115100000000009,1,237,9.2699,8.9896,8.75625,8.56973,8.22504,7.9196,7.77625,7.7034,7.52636,7.54674,7.55418,7.19969
1979-10-01,9.63246,1,238,9.6115100000000009,9.2699,8.9896,8.75625,8.56973,8.22504,7.9196,7.77625,7.7034,7.52636,7.54674,7.55418
1979-11-01,9.77102,1,239,9.63246,9.6115100000000009,9.2699,8.9896,8.75625,8.56973,8.22504,7.9196,7.77625,7.7034,7.52636,7.54674
1979-12-01,10.17844,1,240,9.77102,9.63246,9.6115100000000009,9.2699,8.9896,8.75625,8.56973,8.22504,7.9196,7.77625,7.7034,7.52636
1980-01-01,10.49796,1,241,10.17844,9.77102,9.63246,9.6115100000000009,9.2699,8.9896,8.75625,8.56973,8.22504,7.9196,7.77625,7.7034
1980-02-01,11.10256,1,242,10.49796,10.17844,9.77102,9.63246,9.6115100000000009,9.2699,8.9896,8.75625,8.56973,8.22504,7.9196,7.77625
1980-03-01,11.59518,1,243,11.10256,10.49796,10.17844,9.77102,9.63246,9.6115100000000009,9.2699,8.9896,8.75625,8.56973,8.22504,7.9196
1980-04-01,11.01904,1,244,11.59518,11.10256,10.49796,10.17844,9.77102,9.63246,9.6115100000000009,9.2699,8.9896,8.75625,8.56973,8.22504
1980-05-01,10.73638,1,245,11.01904,11.59518,11.10256,10.49796,10.17844,9.77102,9.63246,9.6115100000000009,9.2699,8.9896,8.75625,8.56973
1980-06-01,10.52286,1,246,10.73638,11.01904,11.59518,11.10256,10.49796,10.17844,9.77102,9.63246,9.6115100000000009,9.2699,8.9896,8.75625
1980-07-01,10.53958,1,247,10.52286,10.73638,11.01904,11.59518,11.10256,10.49796,10.17844,9.77102,9.63246,9.6115100000000009,9.2699,8.9896
1980-08-01,10.6142,1,248,10.53958,10.52286,10.73638,11.01904,11.59518,11.10256,10.49796,10.17844,9.77102,9.63246,9.6115100000000009,9.2699
1980-09-01,10.66065,1,249,10.6142,10.53958,10.52286,10.73638,11.01904,11.59518,11.10256,10.49796,10.17844,9.77102,9.63246,9.6115100000000009
1980-10-01,10.64341,1,250,10.66065,10.6142,10.53958,10.52286,10.73638,11.01904,11.59518,11.10256,10.49796,10.17844,9.77102,9.63246
1980-11-01,10.77594,1,251,10.64341,10.66065,10.6142,10.53958,10.52286,10.73638,11.01904,11.59518,11.10256,10.49796,10.17844,9.77102
1980-12-01,10.56643,1,252,10.77594,10.64341,10.66065,10.6142,10.53958,10.52286,10.73638,11.01904,11.59518,11.10256,10.49796,10.17844
1981-01-01,10.47032,1,253,10.56643,10.77594,10.64341,10.66065,10.6142,10.53958,10.52286,10.73638,11.01904,11.59518,11.10256,10.49796
1981-02-01,10.39279,1,254,10.47032,10.56643,10.77594,10.64341,10.66065,10.6142,10.53958,10.52286,10.73638,11.01904,11.59518,11.10256
1981-03-01,9.81388,1,255,10.39279,10.47032,10.56643,10.77594,10.64341,10.66065,10.6142,10.53958,10.52286,10.73638,11.01904,11.59518
1981-04-01,9.72109,1,256,9.81388,10.39279,10.47032,10.56643,10.77594,10.64341,10.66065,10.6142,10.53958,10.52286,10.73638,11.01904
1981-05-01,9.36282,1,257,9.72109,9.81388,10.39279,10.47032,10.56643,10.77594,10.64341,10.66065,10.6142,10.53958,10.52286,10.73638
1981-06-01,9.11039,1,258,9.36282,9.72109,9.81388,10.39279,10.47032,10.56643,10.77594,10.64341,10.66065,10.6142,10.53958,10.52286
1981-07-01,8.92226,1,259,9.11039,9.36282,9.72109,9.81388,10.39279,10.47032,10.56643,10.77594,10.64341,10.66065,10.6142,10.53958
1981-08-01,8.69864,1,260,8.92226,9.11039,9.36282,9.72109,9.81388,10.39279,10.47032,10.56643,10.77594,10.64341,10.66065,10.6142
1981-09-01,8.35453,1,261,8.69864,8.92226,9.11039,9.36282,9.72109,9.81388,10.39279,10.47032,10.56643,10.77594,10.64341,10.66065
1981-10-01,7.98092,1,262,8.35453,8.69864,8.92226,9.11039,9.36282,9.72109,9.81388,10.39279,10.47032,10.56643,10.77594,10.64341
1981-11-01,7.68354,1,263,7.98092,8.35453,8.69864,8.92226,9.11039,9.36282,9.72109,9.81388,10.39279,10.47032,10.56643,10.77594
1981-12-01,7.31887,1,264,7.68354,7.98092,8.35453,8.69864,8.92226,9.11039,9.36282,9.72109,9.81388,10.39279,10.47032,10.56643
1982-01-01,6.92985,1,265,7.31887,7.68354,7.98092,8.35453,8.69864,8.92226,9.11039,9.36282,9.72109,9.81388,10.39279,10.47032
1982-02-01,6.17728,1,266,6.92985,7.31887,7.68354,7.98092,8.35453,8.69864,8.92226,9.11039,9.36282,9.72109,9.81388,10.39279
1982-03-01,5.71257,1,267,6.17728,6.92985,7.31887,7.68354,7.98092,8.35453,8.69864,8.92226,9.11039,9.36282,9.72109,9.81388
1982-04-01,5.30587,1,268,5.71257,6.17728,6.92985,7.31887,7.68354,7.98092,8.35453,8.69864,8.92226,9.11039,9.36282,9.72109
1982-05-01,5.458,1,269,5.30587,5.71257,6.17728,6.92985,7.31887,7.68354,7.98092,8.35453,8.69864,8.92226,9.11039,9.36282
1982-06-01,5.80077,1,270,5.458,5.30587,5.71257,6.17728,6.92985,7.31887,7.68354,7.98092,8.35453,8.69864,8.92226,9.11039
1982-07-01,5.7895,1,271,5.80077,5.458,5.30587,5.71257,6.17728,6.92985,7.31887,7.68354,7.98092,8.35453,8.69864,8.92226
1982-08-01,5.45659,1,272,5.7895,5.80077,5.458,5.30587,5.71257,6.17728,6.92985,7.31887,7.68354,7.98092,8.35453,8.69864
1982-09-01,5.11236,1,273,5.45659,5.7895,5.80077,5.458,5.30587,5.71257,6.17728,6.92985,7.31887,7.68354,7.98092,8.35453
1982-10-01,5.22578,1,274,5.11236,5.45659,5.7895,5.80077,5.458,5.30587,5.71257,6.17728,6.92985,7.31887,7.68354,7.98092
1982-11-01,4.97929,1,275,5.22578,5.11236,5.45659,5.7895,5.80077,5.458,5.30587,5.71257,6.17728,6.92985,7.31887,7.68354
1982-12-01,4.81488,1,276,4.97929,5.22578,5.11236,5.45659,5.7895,5.80077,5.458,5.30587,5.71257,6.17728,6.92985,7.31887
1983-01-01,4.68155,1,277,4.81488,4.97929,5.22578,5.11236,5.45659,5.7895,5.80077,5.458,5.30587,5.71257,6.17728,6.92985
1983-02-01,4.54473,1,278,4.68155,4.81488,4.97929,5.22578,5.11236,5.45659,5.7895,5.80077,5.458,5.30587,5.71257,6.17728
1983-03-01,4.41063,1,279,4.54473,4.68155,4.81488,4.97929,5.22578,5.11236,5.45659,5.7895,5.80077,5.458,5.30587,5.71257
1983-04-01,4.83454,1,280,4.41063,4.54473,4.68155,4.81488,4.97929,5.22578,5.11236,5.45659,5.7895,5.80077,5.458,5.30587
1983-05-01,4.51084,1,281,4.83454,4.41063,4.54473,4.68155,4.81488,4.97929,5.22578,5.11236,5.45659,5.7895,5.80077,5.458
1983-06-01,4.14504,1,282,4.51084,4.83454,4.41063,4.54473,4.68155,4.81488,4.97929,5.22578,5.11236,5.45659,5.7895,5.80077
1983-07-01,4.11617,1,283,4.14504,4.51084,4.83454,4.41063,4.54473,4.68155,4.81488,4.97929,5.22578,5.11236,5.45659,5.7895
1983-08-01,4.23872,1,284,4.11617,4.14504,4.51084,4.83454,4.41063,4.54473,4.68155,4.81488,4.97929,5.22578,5.11236,5.45659
1983-09-01,4.31543,1,285,4.23872,4.11617,4.14504,4.51084,4.83454,4.41063,4.54473,4.68155,4.81488,4.97929,5.22578,5.11236
1983-10-01,3.90881,1,286,4.31543,4.23872,4.11617,4.14504,4.51084,4.83454,4.41063,4.54473,4.68155,4.81488,4.97929,5.22578
1983-11-01,3.74364,1,287,3.90881,4.31543,4.23872,4.11617,4.14504,4.51084,4.83454,4.41063,4.54473,4.68155,4.81488,4.97929
1983-12-01,3.64388,1,288,3.74364,3.90881,4.31543,4.23872,4.11617,4.14504,4.51084,4.83454,4.41063,4.54473,4.68155,4.81488
1984-01-01,3.61173,1,289,3.64388,3.74364,3.90881,4.31543,4.23872,4.11617,4.14504,4.51084,4.83454,4.41063,4.54473,4.68155
1984-02-01,4.13187,1,290,3.61173,3.64388,3.74364,3.90881,4.31543,4.23872,4.11617,4.14504,4.51084,4.83454,4.41063,4.54473
1984-03-01,4.33942,1,291,4.13187,3.61173,3.64388,3.74364,3.90881,4.31543,4.23872,4.11617,4.14504,4.51084,4.83454,4.41063
1984-04-01,4.26135,1,292,4.33942,4.13187,3.61173,3.64388,3.74364,3.90881,4.31543,4.23872,4.11617,4.14504,4.51084,4.83454
1984-05-01,4.0984,1,293,4.26135,4.33942,4.13187,3.61173,3.64388,3.74364,3.90881,4.31543,4.23872,4.11617,4.14504,4.51084
1984-06-01,3.8963,1,294,4.0984,4.26135,4.33942,4.13187,3.61173,3.64388,3.74364,3.90881,4.31543,4.23872,4.11617,4.14504
1984-07-01,3.68219,1,295,3.8963,4.0984,4.26135,4.33942,4.13187,3.61173,3.64388,3.74364,3.90881,4.31543,4.23872,4.11617
1984-08-01,3.55806,1,296,3.68219,3.8963,4.0984,4.26135,4.33942,4.13187,3.61173,3.64388,3.74364,3.90881,4.31543,4.23872
1984-09-01,3.33581,1,297,3.55806,3.68219,3.8963,4.0984,4.26135,4.33942,4.13187,3.61173,3.64388,3.74364,3.90881,4.31543
1984-10-01,3.40421,1,298,3.33581,3.55806,3.68219,3.8963,4.0984,4.26135,4.33942,4.13187,3.61173,3.64388,3.74364,3.90881
1984-11-01,3.40362,1,299,3.40421,3.33581,3.55806,3.68219,3.8963,4.0984,4.26135,4.33942,4.13187,3.61173,3.64388,3.74364
1984-12-01,3.63824,1,300,3.40362,3.40421,3.33581,3.55806,3.68219,3.8963,4.0984,4.26135,4.33942,4.13187,3.61173,3.64388
1985-01-01,3.70448,1,301,3.63824,3.40362,3.40421,3.33581,3.55806,3.68219,3.8963,4.0984,4.26135,4.33942,4.13187,3.61173
1985-02-01,3.48968,1,302,3.70448,3.63824,3.40362,3.40421,3.33581,3.55806,3.68219,3.8963,4.0984,4.26135,4.33942,4.13187
1985-03-01,3.5553,1,303,3.48968,3.70448,3.63824,3.40362,3.40421,3.33581,3.55806,3.68219,3.8963,4.0984,4.26135,4.33942
1985-04-01,3.31163,1,304,3.5553,3.48968,3.70448,3.63824,3.40362,3.40421,3.33581,3.55806,3.68219,3.8963,4.0984,4.26135
1985-05-01,3.42549,1,305,3.31163,3.5553,3.48968,3.70448,3.63824,3.40362,3.40421,3.33581,3.55806,3.68219,3.8963,4.0984
1985-06-01,3.52277,1,306,3.42549,3.31163,3.5553,3.48968,3.70448,3.63824,3.40362,3.40421,3.33581,3.55806,3.68219,3.8963
1985-07-01,3.40722,1,307,3.52277,3.42549,3.31163,3.5553,3.48968,3.70448,3.63824,3.40362,3.40421,3.33581,3.55806,3.68219
1985-08-01,3.4317,1,308,3.40722,3.52277,3.42549,3.31163,3.5553,3.48968,3.70448,3.63824,3.40362,3.40421,3.33581,3.55806
1985-09-01,3.46603,1,309,3.4317,3.40722,3.52277,3.42549,3.31163,3.5553,3.48968,3.70448,3.63824,3.40362,3.40421,3.33581
1985-10-01,3.39444,1,310,3.46603,3.4317,3.40722,3.52277,3.42549,3.31163,3.5553,3.48968,3.70448,3.63824,3.40362,3.40421
1985-11-01,3.54903,1,311,3.39444,3.46603,3.4317,3.40722,3.52277,3.42549,3.31163,3.5553,3.48968,3.70448,3.63824,3.40362
1985-12-01,3.60425,1,312,3.54903,3.39444,3.46603,3.4317,3.40722,3.52277,3.42549,3.31163,3.5553,3.48968,3.70448,3.63824
1986-01-01,3.56404,1,313,3.60425,3.54903,3.39444,3.46603,3.4317,3.40722,3.52277,3.42549,3.31163,3.5553,3.48968,3.70448
1986-02-01,3.08546,1,314,3.56404,3.60425,3.54903,3.39444,3.46603,3.4317,3.40722,3.52277,3.42549,3.31163,3.5553,3.48968
1986-03-01,2.45834,1,315,3.08546,3.56404,3.60425,3.54903,3.39444,3.46603,3.4317,3.40722,3.52277,3.42549,3.31163,3.5553
1986-04-01,2.10152,1,316,2.45834,3.08546,3.56404,3.60425,3.54903,3.39444,3.46603,3.4317,3.40722,3.52277,3.42549,3.31163
1986-05-01,2.0465,1,317,2.10152,2.45834,3.08546,3.56404,3.60425,3.54903,3.39444,3.46603,3.4317,3.40722,3.52277,3.42549
1986-06-01,2.14878,1,318,2.0465,2.10152,2.45834,3.08546,3.56404,3.60425,3.54903,3.39444,3.46603,3.4317,3.40722,3.52277
1986-07-01,1.92438,1,319,2.14878,2.0465,2.10152,2.45834,3.08546,3.56404,3.60425,3.54903,3.39444,3.46603,3.4317,3.40722
1986-08-01,1.71551,1,320,1.92438,2.14878,2.0465,2.10152,2.45834,3.08546,3.56404,3.60425,3.54903,3.39444,3.46603,3.4317
1986-09-01,1.87714,1,321,1.71551,1.92438,2.14878,2.0465,2.10152,2.45834,3.08546,3.56404,3.60425,3.54903,3.39444,3.46603
1986-10-01,1.88985,1,322,1.87714,1.71551,1.92438,2.14878,2.0465,2.10152,2.45834,3.08546,3.56404,3.60425,3.54903,3.39444
1986-11-01,1.77585,1,323,1.88985,1.87714,1.71551,1.92438,2.14878,2.0465,2.10152,2.45834,3.08546,3.56404,3.60425,3.54903
1986-12-01,1.57522,1,324,1.77585,1.88985,1.87714,1.71551,1.92438,2.14878,2.0465,2.10152,2.45834,3.08546,3.56404,3.60425
1987-01-01,1.58562,1,325,1.57522,1.77585,1.88985,1.87714,1.71551,1.92438,2.14878,2.0465,2.10152,2.45834,3.08546,3.56404
1987-02-01,1.9419,1,326,1.58562,1.57522,1.77585,1.88985,1.87714,1.71551,1.92438,2.14878,2.0465,2.10152,2.45834,3.08546
1987-03-01,2.43663,1,327,1.9419,1.58562,1.57522,1.77585,1.88985,1.87714,1.71551,1.92438,2.14878,2.0465,2.10152,2.45834
1987-04-01,3.02941,1,328,2.43663,1.9419,1.58562,1.57522,1.77585,1.88985,1.87714,1.71551,1.92438,2.14878,2.0465,2.10152
1987-05-01,3.10237,1,329,3.02941,2.43663,1.9419,1.58562,1.57522,1.77585,1.88985,1.87714,1.71551,1.92438,2.14878,2.0465
1987-06-01,3.10844,1,330,3.10237,3.02941,2.43663,1.9419,1.58562,1.57522,1.77585,1.88985,1.87714,1.71551,1.92438,2.14878
1987-07-01,3.32069,1,331,3.10844,3.10237,3.02941,2.43663,1.9419,1.58562,1.57522,1.77585,1.88985,1.87714,1.71551,1.92438
1987-08-01,3.59959,1,332,3.32069,3.10844,3.10237,3.02941,2.43663,1.9419,1.58562,1.57522,1.77585,1.88985,1.87714,1.71551
1987-09-01,3.60923,1,333,3.59959,3.32069,3.10844,3.10237,3.02941,2.43663,1.9419,1.58562,1.57522,1.77585,1.88985,1.87714
1987-10-01,3.75233,1,334,3.60923,3.59959,3.32069,3.10844,3.10237,3.02941,2.43663,1.9419,1.58562,1.57522,1.77585,1.88985
1987-11-01,3.76309,1,335,3.75233,3.60923,3.59959,3.32069,3.10844,3.10237,3.02941,2.43663,1.9419,1.58562,1.57522,1.77585
1987-12-01,3.81212,1,336,3.76309,3.75233,3.60923,3.59959,3.32069,3.10844,3.10237,3.02941,2.43663,1.9419,1.58562,1.57522
1988-01-01,3.72683,1,337,3.81212,3.76309,3.75233,3.60923,3.59959,3.32069,3.10844,3.10237,3.02941,2.43663,1.9419,1.58562
1988-02-01,3.51794,1,338,3.72683,3.81212,3.76309,3.75233,3.60923,3.59959,3.32069,3.10844,3.10237,3.02941,2.43663,1.9419
1988-03-01,3.59865,1,339,3.51794,3.72683,3.81212,3.76309,3.75233,3.60923,3.59959,3.32069,3.10844,3.10237,3.02941,2.43663
1988-04-01,3.71501,1,340,3.59865,3.51794,3.72683,3.81212,3.76309,3.75233,3.60923,3.59959,3.32069,3.10844,3.10237,3.02941
1988-05-01,3.75319,1,341,3.71501,3.59865,3.51794,3.72683,3.81212,3.76309,3.75233,3.60923,3.59959,3.32069,3.10844,3.10237
1988-06-01,3.8016,1,342,3.75319,3.71501,3.59865,3.51794,3.72683,3.81212,3.76309,3.75233,3.60923,3.59959,3.32069,3.10844
1988-07-01,4.06523,1,343,3.8016,3.75319,3.71501,3.59865,3.51794,3.72683,3.81212,3.76309,3.75233,3.60923,3.59959,3.32069
1988-08-01,3.96254,1,344,4.06523,3.8016,3.75319,3.71501,3.59865,3.51794,3.72683,3.81212,3.76309,3.75233,3.60923,3.59959
1988-09-01,4.11823,1,345,3.96254,4.06523,3.8016,3.75319,3.71501,3.59865,3.51794,3.72683,3.81212,3.76309,3.75233,3.60923
1988-10-01,4.12767,1,346,4.11823,3.96254,4.06523,3.8016,3.75319,3.71501,3.59865,3.51794,3.72683,3.81212,3.76309,3.75233
1988-11-01,4.17219,1,347,4.12767,4.11823,3.96254,4.06523,3.8016,3.75319,3.71501,3.59865,3.51794,3.72683,3.81212,3.76309
1988-12-01,4.30436,1,348,4.17219,4.12767,4.11823,3.96254,4.06523,3.8016,3.75319,3.71501,3.59865,3.51794,3.72683,3.81212
1989-01-01,4.4345,1,349,4.30436,4.17219,4.12767,4.11823,3.96254,4.06523,3.8016,3.75319,3.71501,3.59865,3.51794,3.72683
1989-02-01,4.6264,1,350,4.4345,4.30436,4.17219,4.12767,4.11823,3.96254,4.06523,3.8016,3.75319,3.71501,3.59865,3.51794
1989-03-01,4.65679,1,351,4.6264,4.4345,4.30436,4.17219,4.12767,4.11823,3.96254,4.06523,3.8016,3.75319,3.71501,3.59865
1989-04-01,4.84399,1,352,4.65679,4.6264,4.4345,4.30436,4.17219,4.12767,4.11823,3.96254,4.06523,3.8016,3.75319,3.71501
1989-05-01,4.92167,1,353,4.84399,4.65679,4.6264,4.4345,4.30436,4.17219,4.12767,4.11823,3.96254,4.06523,3.8016,3.75319
1989-06-01,4.70537,1,354,4.92167,4.84399,4.65679,4.6264,4.4345,4.30436,4.17219,4.12767,4.11823,3.96254,4.06523,3.8016
1989-07-01,4.44812,1,355,4.70537,4.92167,4.84399,4.65679,4.6264,4.4345,4.30436,4.17219,4.12767,4.11823,3.96254,4.06523
1989-08-01,4.15224,1,356,4.44812,4.70537,4.92167,4.84399,4.65679,4.6264,4.4345,4.30436,4.17219,4.12767,4.11823,3.96254
1989-09-01,3.87779,1,357,4.15224,4.44812,4.70537,4.92167,4.84399,4.65679,4.6264,4.4345,4.30436,4.17219,4.12767,4.11823
1989-10-01,3.94427,1,358,3.87779,4.15224,4.44812,4.70537,4.92167,4.84399,4.65679,4.6264,4.4345,4.30436,4.17219,4.12767
1989-11-01,3.92976,1,359,3.94427,3.87779,4.15224,4.44812,4.70537,4.92167,4.84399,4.65679,4.6264,4.4345,4.30436,4.17219
1989-12-01,3.90681,1,360,3.92976,3.94427,3.87779,4.15224,4.44812,4.70537,4.92167,4.84399,4.65679,4.6264,4.4345,4.30436
1990-01-01,4.15903,1,361,3.90681,3.92976,3.94427,3.87779,4.15224,4.44812,4.70537,4.92167,4.84399,4.65679,4.6264,4.4345
1990-02-01,4.27113,1,362,4.15903,3.90681,3.92976,3.94427,3.87779,4.15224,4.44812,4.70537,4.92167,4.84399,4.65679,4.6264
1990-03-01,4.27648,1,363,4.27113,4.15903,3.90681,3.92976,3.94427,3.87779,4.15224,4.44812,4.70537,4.92167,4.84399,4.65679
1990-04-01,3.80424,1,364,4.27648,4.27113,4.15903,3.90681,3.92976,3.94427,3.87779,4.15224,4.44812,4.70537,4.92167,4.84399
1990-05-01,3.65928,1,365,3.80424,4.27648,4.27113,4.15903,3.90681,3.92976,3.94427,3.87779,4.15224,4.44812,4.70537,4.92167
1990-06-01,3.8903,1,366,3.65928,3.80424,4.27648,4.27113,4.15903,3.90681,3.92976,3.94427,3.87779,4.15224,4.44812,4.70537
1990-07-01,3.89843,1,367,3.8903,3.65928,3.80424,4.27648,4.27113,4.15903,3.90681,3.92976,3.94427,3.87779,4.15224,4.44812
1990-08-01,4.57662,1,368,3.89843,3.8903,3.65928,3.80424,4.27648,4.27113,4.15903,3.90681,3.92976,3.94427,3.87779,4.15224
1990-09-01,4.98489,1,369,4.57662,3.89843,3.8903,3.65928,3.80424,4.27648,4.27113,4.15903,3.90681,3.92976,3.94427,3.87779
1990-10-01,5.17477,1,370,4.98489,4.57662,3.89843,3.8903,3.65928,3.80424,4.27648,4.27113,4.15903,3.90681,3.92976,3.94427
1990-11-01,5.07895,1,371,5.17477,4.98489,4.57662,3.89843,3.8903,3.65928,3.80424,4.27648,4.27113,4.15903,3.90681,3.92976
1990-12-01,4.87326,1,372,5.07895,5.17477,4.98489,4.57662,3.89843,3.8903,3.65928,3.80424,4.27648,4.27113,4.15903,3.90681
1991-01-01,4.48141,1,373,4.87326,5.07895,5.17477,4.98489,4.57662,3.89843,3.8903,3.65928,3.80424,4.27648,4.27113,4.15903
1991-02-01,4.07577,1,374,4.48141,4.87326,5.07895,5.17477,4.98489,4.57662,3.89843,3.8903,3.65928,3.80424,4.27648,4.27113
1991-03-01,3.7064,1,375,4.07577,4.48141,4.87326,5.07895,5.17477,4.98489,4.57662,3.89843,3.8903,3.65928,3.80424,4.27648
1991-04-01,3.67666,1,376,3.7064,4.07577,4.48141,4.87326,5.07895,5.17477,4.98489,4.57662,3.89843,3.8903,3.65928,3.80424
1991-05-01,3.87249,1,377,3.67666,3.7064,4.07577,4.48141,4.87326,5.07895,5.17477,4.98489,4.57662,3.89843,3.8903,3.65928
1991-06-01,3.59014,1,378,3.87249,3.67666,3.7064,4.07577,4.48141,4.87326,5.07895,5.17477,4.98489,4.57662,3.89843,3.8903
1991-07-01,3.49755,1,379,3.59014,3.87249,3.67666,3.7064,4.07577,4.48141,4.87326,5.07895,5.17477,4.98489,4.57662,3.89843
1991-08-01,3.05345,1,380,3.49755,3.59014,3.87249,3.67666,3.7064,4.07577,4.48141,4.87326,5.07895,5.17477,4.98489,4.57662
1991-09-01,2.77681,1,381,3.05345,3.49755,3.59014,3.87249,3.67666,3.7064,4.07577,4.48141,4.87326,5.07895,5.17477,4.98489
1991-10-01,2.38279,1,382,2.77681,3.05345,3.49755,3.59014,3.87249,3.67666,3.7064,4.07577,4.48141,4.87326,5.07895,5.17477
1991-11-01,2.47832,1,383,2.38279,2.77681,3.05345,3.49755,3.59014,3.87249,3.67666,3.7064,4.07577,4.48141,4.87326,5.07895
1991-12-01,2.63844,1,384,2.47832,2.38279,2.77681,3.05345,3.49755,3.59014,3.87249,3.67666,3.7064,4.07577,4.48141,4.87326
1992-01-01,2.38815,1,385,2.63844,2.47832,2.38279,2.77681,3.05345,3.49755,3.59014,3.87249,3.67666,3.7064,4.07577,4.48141
1992-02-01,2.59607,1,386,2.38815,2.63844,2.47832,2.38279,2.77681,3.05345,3.49755,3.59014,3.87249,3.67666,3.7064,4.07577
1992-03-01,2.82256,1,387,2.59607,2.38815,2.63844,2.47832,2.38279,2.77681,3.05345,3.49755,3.59014,3.87249,3.67666,3.7064
1992-04-01,2.91365,1,388,2.82256,2.59607,2.38815,2.63844,2.47832,2.38279,2.77681,3.05345,3.49755,3.59014,3.87249,3.67666
1992-05-01,2.6256,1,389,2.91365,2.82256,2.59607,2.38815,2.63844,2.47832,2.38279,2.77681,3.05345,3.49755,3.59014,3.87249
1992-06-01,2.63414,1,390,2.6256,2.91365,2.82256,2.59607,2.38815,2.63844,2.47832,2.38279,2.77681,3.05345,3.49755,3.59014
1992-07-01,2.81127,1,391,2.63414,2.6256,2.91365,2.82256,2.59607,2.38815,2.63844,2.47832,2.38279,2.77681,3.05345,3.49755
1992-08-01,2.70947,1,392,2.81127,2.63414,2.6256,2.91365,2.82256,2.59607,2.38815,2.63844,2.47832,2.38279,2.77681,3.05345
1992-09-01,2.52478,1,393,2.70947,2.81127,2.63414,2.6256,2.91365,2.82256,2.59607,2.38815,2.63844,2.47832,2.38279,2.77681
1992-10-01,2.69515,1,394,2.52478,2.70947,2.81127,2.63414,2.6256,2.91365,2.82256,2.59607,2.38815,2.63844,2.47832,2.38279
1992-11-01,2.6716,1,395,2.69515,2.52478,2.70947,2.81127,2.63414,2.6256,2.91365,2.82256,2.59607,2.38815,2.63844,2.47832
1992-12-01,2.5946,1,396,2.6716,2.69515,2.52478,2.70947,2.81127,2.63414,2.6256,2.91365,2.82256,2.59607,2.38815,2.63844
1993-01-01,2.70443,1,397,2.5946,2.6716,2.69515,2.52478,2.70947,2.81127,2.63414,2.6256,2.91365,2.82256,2.59607,2.38815
1993-02-01,2.59885,1,398,2.70443,2.5946,2.6716,2.69515,2.52478,2.70947,2.81127,2.63414,2.6256,2.91365,2.82256,2.59607
1993-03-01,2.5608,1,399,2.59885,2.70443,2.5946,2.6716,2.69515,2.52478,2.70947,2.81127,2.63414,2.6256,2.91365,2.82256
1993-04-01,2.55707,1,400,2.5608,2.59885,2.70443,2.5946,2.6716,2.69515,2.52478,2.70947,2.81127,2.63414,2.6256,2.91365
1993-05-01,2.73721,1,401,2.55707,2.5608,2.59885,2.70443,2.5946,2.6716,2.69515,2.52478,2.70947,2.81127,2.63414,2.6256
1993-06-01,2.59022,1,402,2.73721,2.55707,2.5608,2.59885,2.70443,2.5946,2.6716,2.69515,2.52478,2.70947,2.81127,2.63414
1993-07-01,2.41641,1,403,2.59022,2.73721,2.55707,2.5608,2.59885,2.70443,2.5946,2.6716,2.69515,2.52478,2.70947,2.81127
1993-08-01,2.45406,1,404,2.41641,2.59022,2.73721,2.55707,2.5608,2.59885,2.70443,2.5946,2.6716,2.69515,2.52478,2.70947
1993-09-01,2.39355,1,405,2.45406,2.41641,2.59022,2.73721,2.55707,2.5608,2.59885,2.70443,2.5946,2.6716,2.69515,2.52478
1993-10-01,2.35384,1,406,2.39355,2.45406,2.41641,2.59022,2.73721,2.55707,2.5608,2.59885,2.70443,2.5946,2.6716,2.69515
1993-11-01,2.34609,1,407,2.35384,2.39355,2.45406,2.41641,2.59022,2.73721,2.55707,2.5608,2.59885,2.70443,2.5946,2.6716
1993-12-01,2.19085,1,408,2.34609,2.35384,2.39355,2.45406,2.41641,2.59022,2.73721,2.55707,2.5608,2.59885,2.70443,2.5946
1994-01-01,1.97724,1,409,2.19085,2.34609,2.35384,2.39355,2.45406,2.41641,2.59022,2.73721,2.55707,2.5608,2.59885,2.70443
1994-02-01,2.05963,1,410,1.97724,2.19085,2.34609,2.35384,2.39355,2.45406,2.41641,2.59022,2.73721,2.55707,2.5608,2.59885
1994-03-01,2.13132,1,411,2.05963,1.97724,2.19085,2.34609,2.35384,2.39355,2.45406,2.41641,2.59022,2.73721,2.55707,2.5608
1994-04-01,1.98044,1,412,2.13132,2.05963,1.97724,2.19085,2.34609,2.35384,2.39355,2.45406,2.41641,2.59022,2.73721,2.55707
1994-05-01,1.81418,1,413,1.98044,2.13132,2.05963,1.97724,2.19085,2.34609,2.35384,2.39355,2.45406,2.41641,2.59022,2.73721
1994-06-01,2.02756,1,414,1.81418,1.98044,2.13132,2.05963,1.97724,2.19085,2.34609,2.35384,2.39355,2.45406,2.41641,2.59022
1994-07-01,2.18571,1,415,2.02756,1.81418,1.98044,2.13132,2.05963,1.97724,2.19085,2.34609,2.35384,2.39355,2.45406,2.41641
1994-08-01,2.24643,1,416,2.18571,2.02756,1.81418,1.98044,2.13132,2.05963,1.97724,2.19085,2.34609,2.35384,2.39355,2.45406
1994-09-01,2.25329,1,417,2.24643,2.18571,2.02756,1.81418,1.98044,2.13132,2.05963,1.97724,2.19085,2.34609,2.35384,2.39355
1994-10-01,2.10565,1,418,2.25329,2.24643,2.18571,2.02756,1.81418,1.98044,2.13132,2.05963,1.97724,2.19085,2.34609,2.35384
1994-11-01,2.10624,1,419,2.10565,2.25329,2.24643,2.18571,2.02756,1.81418,1.98044,2.13132,2.05963,1.97724,2.19085,2.34609
1994-12-01,2.14846,1,420,2.10624,2.10565,2.25329,2.24643,2.18571,2.02756,1.81418,1.98044,2.13132,2.05963,1.97724,2.19085
1995-01-01,2.3215,1,421,2.14846,2.10624,2.10565,2.25329,2.24643,2.18571,2.02756,1.81418,1.98044,2.13132,2.05963,1.97724
1995-02-01,2.26595,1,422,2.3215,2.14846,2.10624,2.10565,2.25329,2.24643,2.18571,2.02756,1.81418,1.98044,2.13132,2.05963
1995-03-01,2.17329,1,423,2.26595,2.3215,2.14846,2.10624,2.10565,2.25329,2.24643,2.18571,2.02756,1.81418,1.98044,2.13132
1995-04-01,2.32068,1,424,2.17329,2.26595,2.3215,2.14846,2.10624,2.10565,2.25329,2.24643,2.18571,2.02756,1.81418,1.98044
1995-05-01,2.32942,1,425,2.32068,2.17329,2.26595,2.3215,2.14846,2.10624,2.10565,2.25329,2.24643,2.18571,2.02756,1.81418
1995-06-01,2.18041,1,426,2.32942,2.32068,2.17329,2.26595,2.3215,2.14846,2.10624,2.10565,2.25329,2.24643,2.18571,2.02756
1995-07-01,1.98703,1,427,2.18041,2.32942,2.32068,2.17329,2.26595,2.3215,2.14846,2.10624,2.10565,2.25329,2.24643,2.18571
1995-08-01,1.97197,1,428,1.98703,2.18041,2.32942,2.32068,2.17329,2.26595,2.3215,2.14846,2.10624,2.10565,2.25329,2.24643
1995-09-01,1.9293,1,429,1.97197,1.98703,2.18041,2.32942,2.32068,2.17329,2.26595,2.3215,2.14846,2.10624,2.10565,2.25329
1995-10-01,2.02032,1,430,1.9293,1.97197,1.98703,2.18041,2.32942,2.32068,2.17329,2.26595,2.3215,2.14846,2.10624,2.10565
1995-11-01,1.8238,1,431,2.02032,1.9293,1.97197,1.98703,2.18041,2.32942,2.32068,2.17329,2.26595,2.3215,2.14846,2.10624
1995-12-01,1.95399,1,432,1.8238,2.02032,1.9293,1.97197,1.98703,2.18041,2.32942,2.32068,2.17329,2.26595,2.3215,2.14846
1996-01-01,1.97387,1,433,1.95399,1.8238,2.02032,1.9293,1.97197,1.98703,2.18041,2.32942,2.32068,2.17329,2.26595,2.3215
1996-02-01,1.95402,1,434,1.97387,1.95399,1.8238,2.02032,1.9293,1.97197,1.98703,2.18041,2.32942,2.32068,2.17329,2.26595
1996-03-01,2.07362,1,435,1.95402,1.97387,1.95399,1.8238,2.02032,1.9293,1.97197,1.98703,2.18041,2.32942,2.32068,2.17329
1996-04-01,2.11112,1,436,2.07362,1.95402,1.97387,1.95399,1.8238,2.02032,1.9293,1.97197,1.98703,2.18041,2.32942,2.32068
1996-05-01,2.13005,1,437,2.11112,2.07362,1.95402,1.97387,1.95399,1.8238,2.02032,1.9293,1.97197,1.98703,2.18041,2.32942
1996-06-01,2.02903,1,438,2.13005,2.11112,2.07362,1.95402,1.97387,1.95399,1.8238,2.02032,1.9293,1.97197,1.98703,2.18041
1996-07-01,2.11646,1,439,2.02903,2.13005,2.11112,2.07362,1.95402,1.97387,1.95399,1.8238,2.02032,1.9293,1.97197,1.98703
1996-08-01,1.99417,1,440,2.11646,2.02903,2.13005,2.11112,2.07362,1.95402,1.97387,1.95399,1.8238,2.02032,1.9293,1.97197
1996-09-01,2.21193,1,441,1.99417,2.11646,2.02903,2.13005,2.11112,2.07362,1.95402,1.97387,1.95399,1.8238,2.02032,1.9293
1996-10-01,2.25609,1,442,2.21193,1.99417,2.11646,2.02903,2.13005,2.11112,2.07362,1.95402,1.97387,1.95399,1.8238,2.02032
1996-11-01,2.44099,1,443,2.25609,2.21193,1.99417,2.11646,2.02903,2.13005,2.11112,2.07362,1.95402,1.97387,1.95399,1.8238
1996-12-01,2.3631,1,444,2.44099,2.25609,2.21193,1.99417,2.11646,2.02903,2.13005,2.11112,2.07362,1.95402,1.97387,1.95399
1997-01-01,2.26874,1,445,2.3631,2.44099,2.25609,2.21193,1.99417,2.11646,2.02903,2.13005,2.11112,2.07362,1.95402,1.97387
1997-02-01,2.3206,1,446,2.26874,2.3631,2.44099,2.25609,2.21193,1.99417,2.11646,2.02903,2.13005,2.11112,2.07362,1.95402
1997-03-01,2.1202,1,447,2.3206,2.26874,2.3631,2.44099,2.25609,2.21193,1.99417,2.11646,2.02903,2.13005,2.11112,2.07362
1997-04-01,1.91524,1,448,2.1202,2.3206,2.26874,2.3631,2.44099,2.25609,2.21193,1.99417,2.11646,2.02903,2.13005,2.11112
1997-05-01,1.69339,1,449,1.91524,2.1202,2.3206,2.26874,2.3631,2.44099,2.25609,2.21193,1.99417,2.11646,2.02903,2.13005
1997-06-01,1.82513,1,450,1.69339,1.91524,2.1202,2.3206,2.26874,2.3631,2.44099,2.25609,2.21193,1.99417,2.11646,2.02903
1997-07-01,1.67107,1,451,1.82513,1.69339,1.91524,2.1202,2.3206,2.26874,2.3631,2.44099,2.25609,2.21193,1.99417,2.11646
1997-08-01,1.65505,1,452,1.67107,1.82513,1.69339,1.91524,2.1202,2.3206,2.26874,2.3631,2.44099,2.25609,2.21193,1.99417
1997-09-01,1.61297,1,453,1.65505,1.67107,1.82513,1.69339,1.91524,2.1202,2.3206,2.26874,2.3631,2.44099,2.25609,2.21193
1997-10-01,1.43884,1,454,1.61297,1.65505,1.67107,1.82513,1.69339,1.91524,2.1202,2.3206,2.26874,2.3631,2.44099,2.25609
1997-11-01,1.26445,1,455,1.43884,1.61297,1.65505,1.67107,1.82513,1.69339,1.91524,2.1202,2.3206,2.26874,2.3631,2.44099
1997-12-01,1.12567,1,456,1.26445,1.43884,1.61297,1.65505,1.67107,1.82513,1.69339,1.91524,2.1202,2.3206,2.26874,2.3631
1998-01-01,1.04421,1,457,1.12567,1.26445,1.43884,1.61297,1.65505,1.67107,1.82513,1.69339,1.91524,2.1202,2.3206,2.26874
1998-02-01,0.78117,1,458,1.04421,1.12567,1.26445,1.43884,1.61297,1.65505,1.67107,1.82513,1.69339,1.91524,2.1202,2.3206
1998-03-01,0.69064,1,459,0.78117,1.04421,1.12567,1.26445,1.43884,1.61297,1.65505,1.67107,1.82513,1.69339,1.91524,2.1202
1998-04-01,0.71699,1,460,0.69064,0.78117,1.04421,1.12567,1.26445,1.43884,1.61297,1.65505,1.67107,1.82513,1.69339,1.91524
1998-05-01,0.90091,1,461,0.71699,0.69064,0.78117,1.04421,1.12567,1.26445,1.43884,1.61297,1.65505,1.67107,1.82513,1.69339
1998-06-01,0.68655,1,462,0.90091,0.71699,0.69064,0.78117,1.04421,1.12567,1.26445,1.43884,1.61297,1.65505,1.67107,1.82513
1998-07-01,0.87507,1,463,0.68655,0.90091,0.71699,0.69064,0.78117,1.04421,1.12567,1.26445,1.43884,1.61297,1.65505,1.67107
1998-08-01,0.934,1,464,0.87507,0.68655,0.90091,0.71699,0.69064,0.78117,1.04421,1.12567,1.26445,1.43884,1.61297,1.65505
1998-09-01,0.63297,1,465,0.934,0.87507,0.68655,0.90091,0.71699,0.69064,0.78117,1.04421,1.12567,1.26445,1.43884,1.61297
1998-10-01,0.72265,1,466,0.63297,0.934,0.87507,0.68655,0.90091,0.71699,0.69064,0.78117,1.04421,1.12567,1.26445,1.43884
1998-11-01,0.72119,1,467,0.72265,0.63297,0.934,0.87507,0.68655,0.90091,0.71699,0.69064,0.78117,1.04421,1.12567,1.26445
1998-12-01,0.8444,1,468,0.72119,0.72265,0.63297,0.934,0.87507,0.68655,0.90091,0.71699,0.69064,0.78117,1.04421,1.12567
1999-01-01,0.93587,1,469,0.8444,0.72119,0.72265,0.63297,0.934,0.87507,0.68655,0.90091,0.71699,0.69064,0.78117,1.04421
1999-02-01,0.93212,1,470,0.93587,0.8444,0.72119,0.72265,0.63297,0.934,0.87507,0.68655,0.90091,0.71699,0.69064,0.78117
1999-03-01,0.99279,1,471,0.93212,0.93587,0.8444,0.72119,0.72265,0.63297,0.934,0.87507,0.68655,0.90091,0.71699,0.69064
1999-04-01,1.35456,1,472,0.99279,0.93212,0.93587,0.8444,0.72119,0.72265,0.63297,0.934,0.87507,0.68655,0.90091,0.71699
1999-05-01,1.28218,1,473,1.35456,0.99279,0.93212,0.93587,0.8444,0.72119,0.72265,0.63297,0.934,0.87507,0.68655,0.90091
1999-06-01,1.39903,1,474,1.28218,1.35456,0.99279,0.93212,0.93587,0.8444,0.72119,0.72265,0.63297,0.934,0.87507,0.68655
1999-07-01,1.41811,1,475,1.39903,1.28218,1.35456,0.99279,0.93212,0.93587,0.8444,0.72119,0.72265,0.63297,0.934,0.87507
1999-08-01,1.46256,1,476,1.41811,1.39903,1.28218,1.35456,0.99279,0.93212,0.93587,0.8444,0.72119,0.72265,0.63297,0.934
1999-09-01,1.88554,1,477,1.46256,1.41811,1.39903,1.28218,1.35456,0.99279,0.93212,0.93587,0.8444,0.72119,0.72265,0.63297
1999-10-01,1.83368,1,478,1.88554,1.46256,1.41811,1.39903,1.28218,1.35456,0.99279,0.93212,0.93587,0.8444,0.72119,0.72265
1999-11-01,1.92065,1,479,1.83368,1.88554,1.46256,1.41811,1.39903,1.28218,1.35456,0.99279,0.93212,0.93587,0.8444,0.72119
1999-12-01,2.05476,1,480,1.92065,1.83368,1.88554,1.46256,1.41811,1.39903,1.28218,1.35456,0.99279,0.93212,0.93587,0.8444
2000-01-01,2.18914,1,481,2.05476,1.92065,1.83368,1.88554,1.46256,1.41811,1.39903,1.28218,1.35456,0.99279,0.93212,0.93587
2000-02-01,2.56874,1,482,2.18914,2.05476,1.92065,1.83368,1.88554,1.46256,1.41811,1.39903,1.28218,1.35456,0.99279,0.93212
2000-03-01,2.93088,1,483,2.56874,2.18914,2.05476,1.92065,1.83368,1.88554,1.46256,1.41811,1.39903,1.28218,1.35456,0.99279
2000-04-01,2.35099,1,484,2.93088,2.56874,2.18914,2.05476,1.92065,1.83368,1.88554,1.46256,1.41811,1.39903,1.28218,1.35456
2000-05-01,2.36895,1,485,2.35099,2.93088,2.56874,2.18914,2.05476,1.92065,1.83368,1.88554,1.46256,1.41811,1.39903,1.28218
2000-06-01,2.68426,1,486,2.36895,2.35099,2.93088,2.56874,2.18914,2.05476,1.92065,1.83368,1.88554,1.46256,1.41811,1.39903
2000-07-01,2.66881,1,487,2.68426,2.36895,2.35099,2.93088,2.56874,2.18914,2.05476,1.92065,1.83368,1.88554,1.46256,1.41811
2000-08-01,2.47547,1,488,2.66881,2.68426,2.36895,2.35099,2.93088,2.56874,2.18914,2.05476,1.92065,1.83368,1.88554,1.46256
2000-09-01,2.5481,1,489,2.47547,2.66881,2.68426,2.36895,2.35099,2.93088,2.56874,2.18914,2.05476,1.92065,1.83368,1.88554
2000-10-01,2.51486,1,490,2.5481,2.47547,2.66881,2.68426,2.36895,2.35099,2.93088,2.56874,2.18914,2.05476,1.92065,1.83368
2000-11-01,2.5663299999999998,1,491,2.51486,2.5481,2.47547,2.66881,2.68426,2.36895,2.35099,2.93088,2.56874,2.18914,2.05476,1.92065
2000-12-01,2.48478,1,492,2.5663299999999998,2.51486,2.5481,2.47547,2.66881,2.68426,2.36895,2.35099,2.93088,2.56874,2.18914,2.05476
2001-01-01,2.70144,1,493,2.48478,2.5663299999999998,2.51486,2.5481,2.47547,2.66881,2.68426,2.36895,2.35099,2.93088,2.56874,2.18914
2001-02-01,2.5372,1,494,2.70144,2.48478,2.5663299999999998,2.51486,2.5481,2.47547,2.66881,2.68426,2.36895,2.35099,2.93088,2.56874
2001-03-01,2.1087,1,495,2.5372,2.70144,2.48478,2.5663299999999998,2.51486,2.5481,2.47547,2.66881,2.68426,2.36895,2.35099,2.93088
2001-04-01,2.37324,1,496,2.1087,2.5372,2.70144,2.48478,2.5663299999999998,2.51486,2.5481,2.47547,2.66881,2.68426,2.36895,2.35099
2001-05-01,2.55765,1,497,2.37324,2.1087,2.5372,2.70144,2.48478,2.5663299999999998,2.51486,2.5481,2.47547,2.66881,2.68426,2.36895
2001-06-01,2.39173,1,498,2.55765,2.37324,2.1087,2.5372,2.70144,2.48478,2.5663299999999998,2.51486,2.5481,2.47547,2.66881,2.68426
2001-07-01,2.10173,1,499,2.39173,2.55765,2.37324,2.1087,2.5372,2.70144,2.48478,2.5663299999999998,2.51486,2.5481,2.47547,2.66881
2001-08-01,2.09646,1,500,2.10173,2.39173,2.55765,2.37324,2.1087,2.5372,2.70144,2.48478,2.5663299999999998,2.51486,2.5481,2.47547
2001-09-01,1.3131,1,501,2.09646,2.10173,2.39173,2.55765,2.37324,2.1087,2.5372,2.70144,2.48478,2.5663299999999998,2.51486,2.5481
2001-10-01,1.53188,1,502,1.3131,2.09646,2.10173,2.39173,2.55765,2.37324,2.1087,2.5372,2.70144,2.48478,2.5663299999999998,2.51486
2001-11-01,1.32157,1,503,1.53188,1.3131,2.09646,2.10173,2.39173,2.55765,2.37324,2.1087,2.5372,2.70144,2.48478,2.5663299999999998
2001-12-01,1.06208,1,504,1.32157,1.53188,1.3131,2.09646,2.10173,2.39173,2.55765,2.37324,2.1087,2.5372,2.70144,2.48478
2002-01-01,0.66594,1,505,1.06208,1.32157,1.53188,1.3131,2.09646,2.10173,2.39173,2.55765,2.37324,2.1087,2.5372,2.70144
2002-02-01,0.67957,1,506,0.66594,1.06208,1.32157,1.53188,1.3131,2.09646,2.10173,2.39173,2.55765,2.37324,2.1087,2.5372
2002-03-01,0.94331,1,507,0.67957,0.66594,1.06208,1.32157,1.53188,1.3131,2.09646,2.10173,2.39173,2.55765,2.37324,2.1087
2002-04-01,1.18771,1,508,0.94331,0.67957,0.66594,1.06208,1.32157,1.53188,1.3131,2.09646,2.10173,2.39173,2.55765,2.37324
2002-05-01,0.98826,1,509,1.18771,0.94331,0.67957,0.66594,1.06208,1.32157,1.53188,1.3131,2.09646,2.10173,2.39173,2.55765
2002-06-01,0.9362,1,510,0.98826,1.18771,0.94331,0.67957,0.66594,1.06208,1.32157,1.53188,1.3131,2.09646,2.10173,2.39173
2002-07-01,1.19216,1,511,0.9362,0.98826,1.18771,0.94331,0.67957,0.66594,1.06208,1.32157,1.53188,1.3131,2.09646,2.10173
2002-08-01,1.40295,1,512,1.19216,0.9362,0.98826,1.18771,0.94331,0.67957,0.66594,1.06208,1.32157,1.53188,1.3131,2.09646
2002-09-01,1.93282,1,513,1.40295,1.19216,0.9362,0.98826,1.18771,0.94331,0.67957,0.66594,1.06208,1.32157,1.53188,1.3131
2002-10-01,1.76045,1,514,1.93282,1.40295,1.19216,0.9362,0.98826,1.18771,0.94331,0.67957,0.66594,1.06208,1.32157,1.53188
2002-11-01,1.92999,1,515,1.76045,1.93282,1.40295,1.19216,0.9362,0.98826,1.18771,0.94331,0.67957,0.66594,1.06208,1.32157
2002-12-01,2.13367,1,516,1.92999,1.76045,1.93282,1.40295,1.19216,0.9362,0.98826,1.18771,0.94331,0.67957,0.66594,1.06208
2003-01-01,2.34652,1,517,2.13367,1.92999,1.76045,1.93282,1.40295,1.19216,0.9362,0.98826,1.18771,0.94331,0.67957,0.66594
2003-02-01,2.60462,1,518,2.34652,2.13367,1.92999,1.76045,1.93282,1.40295,1.19216,0.9362,0.98826,1.18771,0.94331,0.67957
2003-03-01,2.58965,1,519,2.60462,2.34652,2.13367,1.92999,1.76045,1.93282,1.40295,1.19216,0.9362,0.98826,1.18771,0.94331
2003-04-01,1.9887,1,520,2.58965,2.60462,2.34652,2.13367,1.92999,1.76045,1.93282,1.40295,1.19216,0.9362,0.98826,1.18771
2003-05-01,1.80481,1,521,1.9887,2.58965,2.60462,2.34652,2.13367,1.92999,1.76045,1.93282,1.40295,1.19216,0.9362,0.98826
2003-06-01,1.78813,1,522,1.80481,1.9887,2.58965,2.60462,2.34652,2.13367,1.92999,1.76045,1.93282,1.40295,1.19216,0.9362
2003-07-01,1.86274,1,523,1.78813,1.80481,1.9887,2.58965,2.60462,2.34652,2.13367,1.92999,1.76045,1.93282,1.40295,1.19216
2003-08-01,2.00672,1,524,1.86274,1.78813,1.80481,1.9887,2.58965,2.60462,2.34652,2.13367,1.92999,1.76045,1.93282,1.40295
2003-09-01,2.14134,1,525,2.00672,1.86274,1.78813,1.80481,1.9887,2.58965,2.60462,2.34652,2.13367,1.92999,1.76045,1.93282
2003-10-01,1.96821,1,526,2.14134,2.00672,1.86274,1.78813,1.80481,1.9887,2.58965,2.60462,2.34652,2.13367,1.92999,1.76045
2003-11-01,1.99618,1,527,1.96821,2.14134,2.00672,1.86274,1.78813,1.80481,1.9887,2.58965,2.60462,2.34652,2.13367,1.92999
2003-12-01,2.12288,1,528,1.99618,1.96821,2.14134,2.00672,1.86274,1.78813,1.80481,1.9887,2.58965,2.60462,2.34652,2.13367
2004-01-01,2.21241,1,529,2.12288,1.99618,1.96821,2.14134,2.00672,1.86274,1.78813,1.80481,1.9887,2.58965,2.60462,2.34652
2004-02-01,2.00062,1,530,2.21241,2.12288,1.99618,1.96821,2.14134,2.00672,1.86274,1.78813,1.80481,1.9887,2.58965,2.60462
2004-03-01,1.89643,1,531,2.00062,2.21241,2.12288,1.99618,1.96821,2.14134,2.00672,1.86274,1.78813,1.80481,1.9887,2.58965
2004-04-01,2.25922,1,532,1.89643,2.00062,2.21241,2.12288,1.99618,1.96821,2.14134,2.00672,1.86274,1.78813,1.80481,1.9887
2004-05-01,2.70954,1,533,2.25922,1.89643,2.00062,2.21241,2.12288,1.99618,1.96821,2.14134,2.00672,1.86274,1.78813,1.80481
2004-06-01,2.89091,1,534,2.70954,2.25922,1.89643,2.00062,2.21241,2.12288,1.99618,1.96821,2.14134,2.00672,1.86274,1.78813
2004-07-01,2.68454,1,535,2.89091,2.70954,2.25922,1.89643,2.00062,2.21241,2.12288,1.99618,1.96821,2.14134,2.00672,1.86274
2004-08-01,2.39117,1,536,2.68454,2.89091,2.70954,2.25922,1.89643,2.00062,2.21241,2.12288,1.99618,1.96821,2.14134,2.00672
2004-09-01,2.27392,1,537,2.39117,2.68454,2.89091,2.70954,2.25922,1.89643,2.00062,2.21241,2.12288,1.99618,1.96821,2.14134
2004-10-01,2.70001,1,538,2.27392,2.39117,2.68454,2.89091,2.70954,2.25922,1.89643,2.00062,2.21241,2.12288,1.99618,1.96821
2004-11-01,2.96563,1,539,2.70001,2.27392,2.39117,2.68454,2.89091,2.70954,2.25922,1.89643,2.00062,2.21241,2.12288,1.99618
2004-12-01,2.79372,1,540,2.96563,2.70001,2.27392,2.39117,2.68454,2.89091,2.70954,2.25922,1.89643,2.00062,2.21241,2.12288
2005-01-01,2.53203,1,541,2.79372,2.96563,2.70001,2.27392,2.39117,2.68454,2.89091,2.70954,2.25922,1.89643,2.00062,2.21241
2005-02-01,2.59873,1,542,2.53203,2.79372,2.96563,2.70001,2.27392,2.39117,2.68454,2.89091,2.70954,2.25922,1.89643,2.00062
2005-03-01,2.74751,1,543,2.59873,2.53203,2.79372,2.96563,2.70001,2.27392,2.39117,2.68454,2.89091,2.70954,2.25922,1.89643
2005-04-01,2.8445,1,544,2.74751,2.59873,2.53203,2.79372,2.96563,2.70001,2.27392,2.39117,2.68454,2.89091,2.70954,2.25922
2005-05-01,2.56897,1,545,2.8445,2.74751,2.59873,2.53203,2.79372,2.96563,2.70001,2.27392,2.39117,2.68454,2.89091,2.70954
2005-06-01,2.3412,1,546,2.56897,2.8445,2.74751,2.59873,2.53203,2.79372,2.96563,2.70001,2.27392,2.39117,2.68454,2.89091
2005-07-01,2.67943,1,547,2.3412,2.56897,2.8445,2.74751,2.59873,2.53203,2.79372,2.96563,2.70001,2.27392,2.39117,2.68454
2005-08-01,3.0408,1,548,2.67943,2.3412,2.56897,2.8445,2.74751,2.59873,2.53203,2.79372,2.96563,2.70001,2.27392,2.39117
2005-09-01,3.83002,1,549,3.0408,2.67943,2.3412,2.56897,2.8445,2.74751,2.59873,2.53203,2.79372,2.96563,2.70001,2.27392
2005-10-01,3.55136,1,550,3.83002,3.0408,2.67943,2.3412,2.56897,2.8445,2.74751,2.59873,2.53203,2.79372,2.96563,2.70001
2005-11-01,2.93841,1,551,3.55136,3.83002,3.0408,2.67943,2.3412,2.56897,2.8445,2.74751,2.59873,2.53203,2.79372,2.96563
2005-12-01,2.88363,1,552,2.93841,3.55136,3.83002,3.0408,2.67943,2.3412,2.56897,2.8445,2.74751,2.59873,2.53203,2.79372
2006-01-01,3.24694,1,553,2.88363,2.93841,3.55136,3.83002,3.0408,2.67943,2.3412,2.56897,2.8445,2.74751,2.59873,2.53203
2006-02-01,3.02224,1,554,3.24694,2.88363,2.93841,3.55136,3.83002,3.0408,2.67943,2.3412,2.56897,2.8445,2.74751,2.59873
2006-03-01,2.91367,1,555,3.02224,3.24694,2.88363,2.93841,3.55136,3.83002,3.0408,2.67943,2.3412,2.56897,2.8445,2.74751
2006-04-01,3.10283,1,556,2.91367,3.02224,3.24694,2.88363,2.93841,3.55136,3.83002,3.0408,2.67943,2.3412,2.56897,2.8445
2006-05-01,3.32153,1,557,3.10283,2.91367,3.02224,3.24694,2.88363,2.93841,3.55136,3.83002,3.0408,2.67943,2.3412,2.56897
2006-06-01,3.51163,1,558,3.32153,3.10283,2.91367,3.02224,3.24694,2.88363,2.93841,3.55136,3.83002,3.0408,2.67943,2.3412
2006-07-01,3.42735,1,559,3.51163,3.32153,3.10283,2.91367,3.02224,3.24694,2.88363,2.93841,3.55136,3.83002,3.0408,2.67943
2006-08-01,3.33588,1,560,3.42735,3.51163,3.32153,3.10283,2.91367,3.02224,3.24694,2.88363,2.93841,3.55136,3.83002,3.0408
2006-09-01,2.08003,1,561,3.33588,3.42735,3.51163,3.32153,3.10283,2.91367,3.02224,3.24694,2.88363,2.93841,3.55136,3.83002
2006-10-01,1.67697,1,562,2.08003,3.33588,3.42735,3.51163,3.32153,3.10283,2.91367,3.02224,3.24694,2.88363,2.93841,3.55136
2006-11-01,1.92467,1,563,1.67697,2.08003,3.33588,3.42735,3.51163,3.32153,3.10283,2.91367,3.02224,3.24694,2.88363,2.93841
2006-12-01,2.28675,1,564,1.92467,1.67697,2.08003,3.33588,3.42735,3.51163,3.32153,3.10283,2.91367,3.02224,3.24694,2.88363
2007-01-01,2.13326,1,565,2.28675,1.92467,1.67697,2.08003,3.33588,3.42735,3.51163,3.32153,3.10283,2.91367,3.02224,3.24694
2007-02-01,2.38921,1,566,2.13326,2.28675,1.92467,1.67697,2.08003,3.33588,3.42735,3.51163,3.32153,3.10283,2.91367,3.02224
2007-03-01,2.5649,1,567,2.38921,2.13326,2.28675,1.92467,1.67697,2.08003,3.33588,3.42735,3.51163,3.32153,3.10283,2.91367
2007-04-01,2.33078,1,568,2.5649,2.38921,2.13326,2.28675,1.92467,1.67697,2.08003,3.33588,3.42735,3.51163,3.32153,3.10283
2007-05-01,2.35298,1,569,2.33078,2.5649,2.38921,2.13326,2.28675,1.92467,1.67697,2.08003,3.33588,3.42735,3.51163,3.32153
2007-06-01,2.31763,1,570,2.35298,2.33078,2.5649,2.38921,2.13326,2.28675,1.92467,1.67697,2.08003,3.33588,3.42735,3.51163
2007-07-01,2.12473,1,571,2.31763,2.35298,2.33078,2.5649,2.38921,2.13326,2.28675,1.92467,1.67697,2.08003,3.33588,3.42735
2007-08-01,1.87372,1,572,2.12473,2.31763,2.35298,2.33078,2.5649,2.38921,2.13326,2.28675,1.92467,1.67697,2.08003,3.33588
2007-09-01,2.53469,1,573,1.87372,2.12473,2.31763,2.35298,2.33078,2.5649,2.38921,2.13326,2.28675,1.92467,1.67697,2.08003
2007-10-01,3.08847,1,574,2.53469,1.87372,2.12473,2.31763,2.35298,2.33078,2.5649,2.38921,2.13326,2.28675,1.92467,1.67697
2007-11-01,3.59963,1,575,3.08847,2.53469,1.87372,2.12473,2.31763,2.35298,2.33078,2.5649,2.38921,2.13326,2.28675,1.92467
2007-12-01,3.47163,1,576,3.59963,3.08847,2.53469,1.87372,2.12473,2.31763,2.35298,2.33078,2.5649,2.38921,2.13326,2.28675
2008-01-01,3.38741,1,577,3.47163,3.59963,3.08847,2.53469,1.87372,2.12473,2.31763,2.35298,2.33078,2.5649,2.38921,2.13326
2008-02-01,3.27292,1,578,3.38741,3.47163,3.59963,3.08847,2.53469,1.87372,2.12473,2.31763,2.35298,2.33078,2.5649,2.38921
2008-03-01,3.19114,1,579,3.27292,3.38741,3.47163,3.59963,3.08847,2.53469,1.87372,2.12473,2.31763,2.35298,2.33078,2.5649
2008-04-01,3.13952,1,580,3.19114,3.27292,3.38741,3.47163,3.59963,3.08847,2.53469,1.87372,2.12473,2.31763,2.35298,2.33078
2008-05-01,3.28214,1,581,3.13952,3.19114,3.27292,3.38741,3.47163,3.59963,3.08847,2.53469,1.87372,2.12473,2.31763,2.35298
2008-06-01,3.81144,1,582,3.28214,3.13952,3.19114,3.27292,3.38741,3.47163,3.59963,3.08847,2.53469,1.87372,2.12473,2.31763
2008-07-01,4.13566,1,583,3.81144,3.28214,3.13952,3.19114,3.27292,3.38741,3.47163,3.59963,3.08847,2.53469,1.87372,2.12473
2008-08-01,3.98063,1,584,4.13566,3.81144,3.28214,3.13952,3.19114,3.27292,3.38741,3.47163,3.59963,3.08847,2.53469,1.87372
2008-09-01,3.66784,1,585,3.98063,4.13566,3.81144,3.28214,3.13952,3.19114,3.27292,3.38741,3.47163,3.59963,3.08847,2.53469
2008-10-01,2.67184,1,586,3.66784,3.98063,4.13566,3.81144,3.28214,3.13952,3.19114,3.27292,3.38741,3.47163,3.59963,3.08847
2008-11-01,0.92503,1,587,2.67184,3.66784,3.98063,4.13566,3.81144,3.28214,3.13952,3.19114,3.27292,3.38741,3.47163,3.59963
2008-12-01,0.12957,1,588,0.92503,2.67184,3.66784,3.98063,4.13566,3.81144,3.28214,3.13952,3.19114,3.27292,3.38741,3.47163
2009-01-01,-0.1111,1,589,0.12957,0.92503,2.67184,3.66784,3.98063,4.13566,3.81144,3.28214,3.13952,3.19114,3.27292,3.38741
2009-02-01,-0.13125,1,590,-0.1111,0.12957,0.92503,2.67184,3.66784,3.98063,4.13566,3.81144,3.28214,3.13952,3.19114,3.27292
2009-03-01,-0.52575,1,591,-0.13125,-0.1111,0.12957,0.92503,2.67184,3.66784,3.98063,4.13566,3.81144,3.28214,3.13952,3.19114
2009-04-01,-0.56757,1,592,-0.52575,-0.13125,-0.1111,0.12957,0.92503,2.67184,3.66784,3.98063,4.13566,3.81144,3.28214,3.13952
2009-05-01,-0.88921,1,593,-0.56757,-0.52575,-0.13125,-0.1111,0.12957,0.92503,2.67184,3.66784,3.98063,4.13566,3.81144,3.28214
2009-06-01,-1.01862,1,594,-0.88921,-0.56757,-0.52575,-0.13125,-0.1111,0.12957,0.92503,2.67184,3.66784,3.98063,4.13566,3.81144
2009-07-01,-1.46601,1,595,-1.01862,-0.88921,-0.56757,-0.52575,-0.13125,-0.1111,0.12957,0.92503,2.67184,3.66784,3.98063,4.13566
2009-08-01,-1.10012,1,596,-1.46601,-1.01862,-0.88921,-0.56757,-0.52575,-0.13125,-0.1111,0.12957,0.92503,2.67184,3.66784,3.98063
2009-09-01,-1.02275,1,597,-1.10012,-1.46601,-1.01862,-0.88921,-0.56757,-0.52575,-0.13125,-0.1111,0.12957,0.92503,2.67184,3.66784
2009-10-01,0.01339,1,598,-1.02275,-1.10012,-1.46601,-1.01862,-0.88921,-0.56757,-0.52575,-0.13125,-0.1111,0.12957,0.92503,2.67184
2009-11-01,1.46061,1,599,0.01339,-1.02275,-1.10012,-1.46601,-1.01862,-0.88921,-0.56757,-0.52575,-0.13125,-0.1111,0.12957,0.92503
2009-12-01,2.08972,1,600,1.46061,0.01339,-1.02275,-1.10012,-1.46601,-1.01862,-0.88921,-0.56757,-0.52575,-0.13125,-0.1111,0.12957
2010-01-01,2.30172,1,601,2.08972,1.46061,0.01339,-1.02275,-1.10012,-1.46601,-1.01862,-0.88921,-0.56757,-0.52575,-0.13125,-0.1111
2010-02-01,2.11633,1,602,2.30172,2.08972,1.46061,0.01339,-1.02275,-1.10012,-1.46601,-1.01862,-0.88921,-0.56757,-0.52575,-0.13125
2010-03-01,2.37272,1,603,2.11633,2.30172,2.08972,1.46061,0.01339,-1.02275,-1.10012,-1.46601,-1.01862,-0.88921,-0.56757,-0.52575
2010-04-01,2.28212,1,604,2.37272,2.11633,2.30172,2.08972,1.46061,0.01339,-1.02275,-1.10012,-1.46601,-1.01862,-0.88921,-0.56757
2010-05-01,2.20847,1,605,2.28212,2.37272,2.11633,2.30172,2.08972,1.46061,0.01339,-1.02275,-1.10012,-1.46601,-1.01862,-0.88921
2010-06-01,1.56222,1,606,2.20847,2.28212,2.37272,2.11633,2.30172,2.08972,1.46061,0.01339,-1.02275,-1.10012,-1.46601,-1.01862
2010-07-01,1.63739,1,607,1.56222,2.20847,2.28212,2.37272,2.11633,2.30172,2.08972,1.46061,0.01339,-1.02275,-1.10012,-1.46601
2010-08-01,1.4824,1,608,1.63739,1.56222,2.20847,2.28212,2.37272,2.11633,2.30172,2.08972,1.46061,0.01339,-1.02275,-1.10012
2010-09-01,1.41955,1,609,1.4824,1.63739,1.56222,2.20847,2.28212,2.37272,2.11633,2.30172,2.08972,1.46061,0.01339,-1.02275
2010-10-01,1.35842,1,610,1.41955,1.4824,1.63739,1.56222,2.20847,2.28212,2.37272,2.11633,2.30172,2.08972,1.46061,0.01339
2010-11-01,1.3072,1,611,1.35842,1.41955,1.4824,1.63739,1.56222,2.20847,2.28212,2.37272,2.11633,2.30172,2.08972,1.46061
2010-12-01,1.47767,1,612,1.3072,1.35842,1.41955,1.4824,1.63739,1.56222,2.20847,2.28212,2.37272,2.11633,2.30172,2.08972
2011-01-01,1.55987,1,613,1.47767,1.3072,1.35842,1.41955,1.4824,1.63739,1.56222,2.20847,2.28212,2.37272,2.11633,2.30172
2011-02-01,1.84503,1,614,1.55987,1.47767,1.3072,1.35842,1.41955,1.4824,1.63739,1.56222,2.20847,2.28212,2.37272,2.11633
2011-03-01,2.11055,1,615,1.84503,1.55987,1.47767,1.3072,1.35842,1.41955,1.4824,1.63739,1.56222,2.20847,2.28212,2.37272
2011-04-01,2.4881,1,616,2.11055,1.84503,1.55987,1.47767,1.3072,1.35842,1.41955,1.4824,1.63739,1.56222,2.20847,2.28212
2011-05-01,2.76625,1,617,2.4881,2.11055,1.84503,1.55987,1.47767,1.3072,1.35842,1.41955,1.4824,1.63739,1.56222,2.20847
2011-06-01,2.78845,1,618,2.76625,2.4881,2.11055,1.84503,1.55987,1.47767,1.3072,1.35842,1.41955,1.4824,1.63739,1.56222
2011-07-01,2.8757,1,619,2.78845,2.76625,2.4881,2.11055,1.84503,1.55987,1.47767,1.3072,1.35842,1.41955,1.4824,1.63739
2011-08-01,2.97673,1,620,2.8757,2.78845,2.76625,2.4881,2.11055,1.84503,1.55987,1.47767,1.3072,1.35842,1.41955,1.4824
2011-09-01,3.01903,1,621,2.97673,2.8757,2.78845,2.76625,2.4881,2.11055,1.84503,1.55987,1.47767,1.3072,1.35842,1.41955
2011-10-01,2.69363,1,622,3.01903,2.97673,2.8757,2.78845,2.76625,2.4881,2.11055,1.84503,1.55987,1.47767,1.3072,1.35842
2011-11-01,2.69926,1,623,2.69363,3.01903,2.97673,2.8757,2.78845,2.76625,2.4881,2.11055,1.84503,1.55987,1.47767,1.3072
2011-12-01,2.52662,1,624,2.69926,2.69363,3.01903,2.97673,2.8757,2.78845,2.76625,2.4881,2.11055,1.84503,1.55987,1.47767
2012-01-01,2.56931,1,625,2.52662,2.69926,2.69363,3.01903,2.97673,2.8757,2.78845,2.76625,2.4881,2.11055,1.84503,1.55987
2012-02-01,2.51315,1,626,2.56931,2.52662,2.69926,2.69363,3.01903,2.97673,2.8757,2.78845,2.76625,2.4881,2.11055,1.84503
2012-03-01,2.29803,1,627,2.51315,2.56931,2.52662,2.69926,2.69363,3.01903,2.97673,2.8757,2.78845,2.76625,2.4881,2.11055
2012-04-01,1.99985,1,628,2.29803,2.51315,2.56931,2.52662,2.69926,2.69363,3.01903,2.97673,2.8757,2.78845,2.76625,2.4881
2012-05-01,1.57694,1,629,1.99985,2.29803,2.51315,2.56931,2.52662,2.69926,2.69363,3.01903,2.97673,2.8757,2.78845,2.76625
2012-06-01,1.54602,1,630,1.57694,1.99985,2.29803,2.51315,2.56931,2.52662,2.69926,2.69363,3.01903,2.97673,2.8757,2.78845
2012-07-01,1.41003,1,631,1.54602,1.57694,1.99985,2.29803,2.51315,2.56931,2.52662,2.69926,2.69363,3.01903,2.97673,2.8757
2012-08-01,1.51187,1,632,1.41003,1.54602,1.57694,1.99985,2.29803,2.51315,2.56931,2.52662,2.69926,2.69363,3.01903,2.97673
2012-09-01,1.67797,1,633,1.51187,1.41003,1.54602,1.57694,1.99985,2.29803,2.51315,2.56931,2.52662,2.69926,2.69363,3.01903
2012-10-01,1.97688,1,634,1.67797,1.51187,1.41003,1.54602,1.57694,1.99985,2.29803,2.51315,2.56931,2.52662,2.69926,2.69363
2012-11-01,1.6991,1,635,1.97688,1.67797,1.51187,1.41003,1.54602,1.57694,1.99985,2.29803,2.51315,2.56931,2.52662,2.69926
2012-12-01,1.62438,1,636,1.6991,1.97688,1.67797,1.51187,1.41003,1.54602,1.57694,1.99985,2.29803,2.51315,2.56931,2.52662
2013-01-01,1.47081,1,637,1.62438,1.6991,1.97688,1.67797,1.51187,1.41003,1.54602,1.57694,1.99985,2.29803,2.51315,2.56931
2013-02-01,1.60461,1,638,1.47081,1.62438,1.6991,1.97688,1.67797,1.51187,1.41003,1.54602,1.57694,1.99985,2.29803,2.51315
2013-03-01,1.27699,1,639,1.60461,1.47081,1.62438,1.6991,1.97688,1.67797,1.51187,1.41003,1.54602,1.57694,1.99985,2.29803
2013-04-01,1.04123,1,640,1.27699,1.60461,1.47081,1.62438,1.6991,1.97688,1.67797,1.51187,1.41003,1.54602,1.57694,1.99985
2013-05-01,1.22903,1,641,1.04123,1.27699,1.60461,1.47081,1.62438,1.6991,1.97688,1.67797,1.51187,1.41003,1.54602,1.57694
2013-06-01,1.50551,1,642,1.22903,1.04123,1.27699,1.60461,1.47081,1.62438,1.6991,1.97688,1.67797,1.51187,1.41003,1.54602
2013-07-01,1.59511,1,643,1.50551,1.22903,1.04123,1.27699,1.60461,1.47081,1.62438,1.6991,1.97688,1.67797,1.51187,1.41003
2013-08-01,1.40479,1,644,1.59511,1.50551,1.22903,1.04123,1.27699,1.60461,1.47081,1.62438,1.6991,1.97688,1.67797,1.51187
2013-09-01,1.14129,1,645,1.40479,1.59511,1.50551,1.22903,1.04123,1.27699,1.60461,1.47081,1.62438,1.6991,1.97688,1.67797
2013-10-01,0.97611,1,646,1.14129,1.40479,1.59511,1.50551,1.22903,1.04123,1.27699,1.60461,1.47081,1.62438,1.6991,1.97688
2013-11-01,1.19547,1,647,0.97611,1.14129,1.40479,1.59511,1.50551,1.22903,1.04123,1.27699,1.60461,1.47081,1.62438,1.6991
2013-12-01,1.3881,1,648,1.19547,0.97611,1.14129,1.40479,1.59511,1.50551,1.22903,1.04123,1.27699,1.60461,1.47081,1.62438
2014-01-01,1.40541,1,649,1.3881,1.19547,0.97611,1.14129,1.40479,1.59511,1.50551,1.22903,1.04123,1.27699,1.60461,1.47081
2014-02-01,1.09398,1,650,1.40541,1.3881,1.19547,0.97611,1.14129,1.40479,1.59511,1.50551,1.22903,1.04123,1.27699,1.60461
2014-03-01,1.3897,1,651,1.09398,1.40541,1.3881,1.19547,0.97611,1.14129,1.40479,1.59511,1.50551,1.22903,1.04123,1.27699
2014-04-01,1.67311,1,652,1.3897,1.09398,1.40541,1.3881,1.19547,0.97611,1.14129,1.40479,1.59511,1.50551,1.22903,1.04123
2014-05-01,1.76617,1,653,1.67311,1.3897,1.09398,1.40541,1.3881,1.19547,0.97611,1.14129,1.40479,1.59511,1.50551,1.22903
2014-06-01,1.65146,1,654,1.76617,1.67311,1.3897,1.09398,1.40541,1.3881,1.19547,0.97611,1.14129,1.40479,1.59511,1.50551
2014-07-01,1.66924,1,655,1.65146,1.76617,1.67311,1.3897,1.09398,1.40541,1.3881,1.19547,0.97611,1.14129,1.40479,1.59511
2014-08-01,1.50624,1,656,1.66924,1.65146,1.76617,1.67311,1.3897,1.09398,1.40541,1.3881,1.19547,0.97611,1.14129,1.40479
2014-09-01,1.49725,1,657,1.50624,1.66924,1.65146,1.76617,1.67311,1.3897,1.09398,1.40541,1.3881,1.19547,0.97611,1.14129
2014-10-01,1.33294,1,658,1.49725,1.50624,1.66924,1.65146,1.76617,1.67311,1.3897,1.09398,1.40541,1.3881,1.19547,0.97611
2014-11-01,1.08576,1,659,1.33294,1.49725,1.50624,1.66924,1.65146,1.76617,1.67311,1.3897,1.09398,1.40541,1.3881,1.19547
2014-12-01,0.73226,1,660,1.08576,1.33294,1.49725,1.50624,1.66924,1.65146,1.76617,1.67311,1.3897,1.09398,1.40541,1.3881
2015-01-01,0.0414,1,661,0.73226,1.08576,1.33294,1.49725,1.50624,1.66924,1.65146,1.76617,1.67311,1.3897,1.09398,1.40541
2015-02-01,0.1707,1,662,0.0414,0.73226,1.08576,1.33294,1.49725,1.50624,1.66924,1.65146,1.76617,1.67311,1.3897,1.09398
2015-03-01,0.19935,1,663,0.1707,0.0414,0.73226,1.08576,1.33294,1.49725,1.50624,1.66924,1.65146,1.76617,1.67311,1.3897
2015-04-01,0.11032,1,664,0.19935,0.1707,0.0414,0.73226,1.08576,1.33294,1.49725,1.50624,1.66924,1.65146,1.76617,1.67311
2015-05-01,0.18529,1,665,0.11032,0.19935,0.1707,0.0414,0.73226,1.08576,1.33294,1.49725,1.50624,1.66924,1.65146,1.76617
2015-06-01,0.27043,1,666,0.18529,0.11032,0.19935,0.1707,0.0414,0.73226,1.08576,1.33294,1.49725,1.50624,1.66924,1.65146
2015-07-01,0.21973,1,667,0.27043,0.18529,0.11032,0.19935,0.1707,0.0414,0.73226,1.08576,1.33294,1.49725,1.50624,1.66924
2015-08-01,0.23927,1,668,0.21973,0.27043,0.18529,0.11032,0.19935,0.1707,0.0414,0.73226,1.08576,1.33294,1.49725,1.50624
2015-09-01,0.0657,1,669,0.23927,0.21973,0.27043,0.18529,0.11032,0.19935,0.1707,0.0414,0.73226,1.08576,1.33294,1.49725
2015-10-01,0.0955,1,670,0.0657,0.23927,0.21973,0.27043,0.18529,0.11032,0.19935,0.1707,0.0414,0.73226,1.08576,1.33294
2015-11-01,0.25388,1,671,0.0955,0.0657,0.23927,0.21973,0.27043,0.18529,0.11032,0.19935,0.1707,0.0414,0.73226,1.08576
2015-12-01,0.34596,1,672,0.25388,0.0955,0.0657,0.23927,0.21973,0.27043,0.18529,0.11032,0.19935,0.1707,0.0414,0.73226
2016-01-01,0.87115,1,673,0.34596,0.25388,0.0955,0.0657,0.23927,0.21973,0.27043,0.18529,0.11032,0.19935,0.1707,0.0414
2016-02-01,0.64033,1,674,0.87115,0.34596,0.25388,0.0955,0.0657,0.23927,0.21973,0.27043,0.18529,0.11032,0.19935,0.1707
2016-03-01,0.68551,1,675,0.64033,0.87115,0.34596,0.25388,0.0955,0.0657,0.23927,0.21973,0.27043,0.18529,0.11032,0.19935
2016-04-01,0.92591,1,676,0.68551,0.64033,0.87115,0.34596,0.25388,0.0955,0.0657,0.23927,0.21973,0.27043,0.18529,0.11032
2016-05-01,0.84869000000000006,1,677,0.92591,0.68551,0.64033,0.87115,0.34596,0.25388,0.0955,0.0657,0.23927,0.21973,0.27043,0.18529
2016-06-01,0.82961,1,678,0.84869000000000006,0.92591,0.68551,0.64033,0.87115,0.34596,0.25388,0.0955,0.0657,0.23927,0.21973,0.27043
2016-07-01,0.75508,1,679,0.82961,0.84869000000000006,0.92591,0.68551,0.64033,0.87115,0.34596,0.25388,0.0955,0.0657,0.23927,0.21973
2016-08-01,0.88821,1,680,0.75508,0.82961,0.84869000000000006,0.92591,0.68551,0.64033,0.87115,0.34596,0.25388,0.0955,0.0657,0.23927
2016-09-01,1.21977,1,681,0.88821,0.75508,0.82961,0.84869000000000006,0.92591,0.68551,0.64033,0.87115,0.34596,0.25388,0.0955,0.0657
2016-10-01,1.427,1,682,1.21977,0.88821,0.75508,0.82961,0.84869000000000006,0.92591,0.68551,0.64033,0.87115,0.34596,0.25388,0.0955
2016-11-01,1.3974,1,683,1.427,1.21977,0.88821,0.75508,0.82961,0.84869000000000006,0.92591,0.68551,0.64033,0.87115,0.34596,0.25388
2016-12-01,1.65716,1,684,1.3974,1.427,1.21977,0.88821,0.75508,0.82961,0.84869000000000006,0.92591,0.68551,0.64033,0.87115,0.34596
2017-01-01,2.00521,1,685,1.65716,1.3974,1.427,1.21977,0.88821,0.75508,0.82961,0.84869000000000006,0.92591,0.68551,0.64033,0.87115
2017-02-01,2.19714,1,686,2.00521,1.65716,1.3974,1.427,1.21977,0.88821,0.75508,0.82961,0.84869000000000006,0.92591,0.68551,0.64033
2017-03-01,1.90636,1,687,2.19714,2.00521,1.65716,1.3974,1.427,1.21977,0.88821,0.75508,0.82961,0.84869000000000006,0.92591,0.68551
2017-04-01,1.76747,1,688,1.90636,2.19714,2.00521,1.65716,1.3974,1.427,1.21977,0.88821,0.75508,0.82961,0.84869000000000006,0.92591
2017-05-01,1.55777,1,689,1.76747,1.90636,2.19714,2.00521,1.65716,1.3974,1.427,1.21977,0.88821,0.75508,0.82961,0.84869000000000006
2017-06-01,1.46555,1,690,1.55777,1.76747,1.90636,2.19714,2.00521,1.65716,1.3974,1.427,1.21977,0.88821,0.75508,0.82961
2017-07-01,1.48563,1,691,1.46555,1.55777,1.76747,1.90636,2.19714,2.00521,1.65716,1.3974,1.427,1.21977,0.88821,0.75508
2017-08-01,1.57191,1,692,1.48563,1.46555,1.55777,1.76747,1.90636,2.19714,2.00521,1.65716,1.3974,1.427,1.21977,0.88821
2017-09-01,1.75744,1,693,1.57191,1.48563,1.46555,1.55777,1.76747,1.90636,2.19714,2.00521,1.65716,1.3974,1.427,1.21977
2017-10-01,1.68204,1,694,1.75744,1.57191,1.48563,1.46555,1.55777,1.76747,1.90636,2.19714,2.00521,1.65716,1.3974,1.427
2017-11-01,1.79371,1,695,1.68204,1.75744,1.57191,1.48563,1.46555,1.55777,1.76747,1.90636,2.19714,2.00521,1.65716,1.3974
2017-12-01,1.76641,1,696,1.79371,1.68204,1.75744,1.57191,1.48563,1.46555,1.55777,1.76747,1.90636,2.19714,2.00521,1.65716
2018-01-01,1.75765,1,697,1.76641,1.79371,1.68204,1.75744,1.57191,1.48563,1.46555,1.55777,1.76747,1.90636,2.19714,2.00521
2018-02-01,1.83761,1,698,1.75765,1.76641,1.79371,1.68204,1.75744,1.57191,1.48563,1.46555,1.55777,1.76747,1.90636,2.19714
2018-03-01,1.99829,1,699,1.83761,1.75765,1.76641,1.79371,1.68204,1.75744,1.57191,1.48563,1.46555,1.55777,1.76747,1.90636
2018-04-01,2.04663,1,700,1.99829,1.83761,1.75765,1.76641,1.79371,1.68204,1.75744,1.57191,1.48563,1.46555,1.55777,1.76747
2018-05-01,2.26621,1,701,2.04663,1.99829,1.83761,1.75765,1.76641,1.79371,1.68204,1.75744,1.57191,1.48563,1.46555,1.55777
2018-06-01,2.26831,1,702,2.26621,2.04663,1.99829,1.83761,1.75765,1.76641,1.79371,1.68204,1.75744,1.57191,1.48563,1.46555
2018-07-01,2.33861,1,703,2.26831,2.26621,2.04663,1.99829,1.83761,1.75765,1.76641,1.79371,1.68204,1.75744,1.57191,1.48563
2018-08-01,2.18041,1,704,2.33861,2.26831,2.26621,2.04663,1.99829,1.83761,1.75765,1.76641,1.79371,1.68204,1.75744,1.57191
2018-09-01,2.00996,1,705,2.18041,2.33861,2.26831,2.26621,2.04663,1.99829,1.83761,1.75765,1.76641,1.79371,1.68204,1.75744
2018-10-01,2.0531,1,706,2.00996,2.18041,2.33861,2.26831,2.26621,2.04663,1.99829,1.83761,1.75765,1.76641,1.79371,1.68204
2018-11-01,1.94189,1,707,2.0531,2.00996,2.18041,2.33861,2.26831,2.26621,2.04663,1.99829,1.83761,1.75765,1.76641,1.79371
2018-12-01,1.86469,1,708,1.94189,2.0531,2.00996,2.18041,2.33861,2.26831,2.26621,2.04663,1.99829,1.83761,1.75765,1.76641
2019-01-01,1.43183,1,709,1.86469,1.94189,2.0531,2.00996,2.18041,2.33861,2.26831,2.26621,2.04663,1.99829,1.83761,1.75765
2019-02-01,1.40017,1,710,1.43183,1.86469,1.94189,2.0531,2.00996,2.18041,2.33861,2.26831,2.26621,2.04663,1.99829,1.83761
2019-03-01,1.52181,1,711,1.40017,1.43183,1.86469,1.94189,2.0531,2.00996,2.18041,2.33861,2.26831,2.26621,2.04663,1.99829
2019-04-01,1.56634,1,712,1.52181,1.40017,1.43183,1.86469,1.94189,2.0531,2.00996,2.18041,2.33861,2.26831,2.26621,2.04663
2019-05-01,1.46555,1,713,1.56634,1.52181,1.40017,1.43183,1.86469,1.94189,2.0531,2.00996,2.18041,2.33861,2.26831,2.26621
2019-06-01,1.42607,1,714,1.46555,1.56634,1.52181,1.40017,1.43183,1.86469,1.94189,2.0531,2.00996,2.18041,2.33861,2.26831
2019-07-01,1.45393,1,715,1.42607,1.46555,1.56634,1.52181,1.40017,1.43183,1.86469,1.94189,2.0531,2.00996,2.18041,2.33861
2019-08-01,1.43042,1,716,1.45393,1.42607,1.46555,1.56634,1.52181,1.40017,1.43183,1.86469,1.94189,2.0531,2.00996,2.18041
2019-09-01,1.28395,1,717,1.43042,1.45393,1.42607,1.46555,1.56634,1.52181,1.40017,1.43183,1.86469,1.94189,2.0531,2.00996
2019-10-01,1.28856,1,718,1.28395,1.43042,1.45393,1.42607,1.46555,1.56634,1.52181,1.40017,1.43183,1.86469,1.94189,2.0531
2019-11-01,1.35828,1,719,1.28856,1.28395,1.43042,1.45393,1.42607,1.46555,1.56634,1.52181,1.40017,1.43183,1.86469,1.94189
2019-12-01,1.56376,1,720,1.35828,1.28856,1.28395,1.43042,1.45393,1.42607,1.46555,1.56634,1.52181,1.40017,1.43183,1.86469
2020-01-01,1.72531,1,721,1.56376,1.35828,1.28856,1.28395,1.43042,1.45393,1.42607,1.46555,1.56634,1.52181,1.40017,1.43183
2020-02-01,1.65798,1,722,1.72531,1.56376,1.35828,1.28856,1.28395,1.43042,1.45393,1.42607,1.46555,1.56634,1.52181,1.40017
2020-03-01,1.14777,1,723,1.65798,1.72531,1.56376,1.35828,1.28856,1.28395,1.43042,1.45393,1.42607,1.46555,1.56634,1.52181
2020-04-01,0.44214,1,724,1.14777,1.65798,1.72531,1.56376,1.35828,1.28856,1.28395,1.43042,1.45393,1.42607,1.46555,1.56634
2020-05-01,0.46309,1,725,0.44214,1.14777,1.65798,1.72531,1.56376,1.35828,1.28856,1.28395,1.43042,1.45393,1.42607,1.46555
2020-06-01,0.72378,1,726,0.46309,0.44214,1.14777,1.65798,1.72531,1.56376,1.35828,1.28856,1.28395,1.43042,1.45393,1.42607
2020-07-01,0.90907,1,727,0.72378,0.46309,0.44214,1.14777,1.65798,1.72531,1.56376,1.35828,1.28856,1.28395,1.43042,1.45393
2020-08-01,1.17392,1,728,0.90907,0.72378,0.46309,0.44214,1.14777,1.65798,1.72531,1.56376,1.35828,1.28856,1.28395,1.43042
2020-09-01,1.26575,1,729,1.17392,0.90907,0.72378,0.46309,0.44214,1.14777,1.65798,1.72531,1.56376,1.35828,1.28856,1.28395
2020-10-01,1.14418,1,730,1.26575,1.17392,0.90907,0.72378,0.46309,0.44214,1.14777,1.65798,1.72531,1.56376,1.35828,1.28856
2020-11-01,1.15454,1,731,1.14418,1.26575,1.17392,0.90907,0.72378,0.46309,0.44214,1.14777,1.65798,1.72531,1.56376,1.35828
2020-12-01,1.32589,1,732,1.15454,1.14418,1.26575,1.17392,0.90907,0.72378,0.46309,0.44214,1.14777,1.65798,1.72531,1.56376
2021-01-01,1.59358,1,733,1.32589,1.15454,1.14418,1.26575,1.17392,0.90907,0.72378,0.46309,0.44214,1.14777,1.65798,1.72531
2021-02-01,1.84617,1,734,1.59358,1.32589,1.15454,1.14418,1.26575,1.17392,0.90907,0.72378,0.46309,0.44214,1.14777,1.65798
2021-03-01,2.66662,1,735,1.84617,1.59358,1.32589,1.15454,1.14418,1.26575,1.17392,0.90907,0.72378,0.46309,0.44214,1.14777
2021-04-01,3.67474,1,736,2.66662,1.84617,1.59358,1.32589,1.15454,1.14418,1.26575,1.17392,0.90907,0.72378,0.46309,0.44214
2021-05-01,4.10917,1,737,3.67474,2.66662,1.84617,1.59358,1.32589,1.15454,1.14418,1.26575,1.17392,0.90907,0.72378,0.46309
2021-06-01,4.33164,1,738,4.10917,3.67474,2.66662,1.84617,1.59358,1.32589,1.15454,1.14418,1.26575,1.17392,0.90907,0.72378
2021-07-01,4.50537,1,739,4.33164,4.10917,3.67474,2.66662,1.84617,1.59358,1.32589,1.15454,1.14418,1.26575,1.17392,0.90907
2021-08-01,4.60782,1,740,4.50537,4.33164,4.10917,3.67474,2.66662,1.84617,1.59358,1.32589,1.15454,1.14418,1.26575,1.17392
2021-09-01,4.76077,1,741,4.60782,4.50537,4.33164,4.10917,3.67474,2.66662,1.84617,1.59358,1.32589,1.15454,1.14418,1.26575
2021-10-01,5.36125,1,742,4.76077,4.60782,4.50537,4.33164,4.10917,3.67474,2.66662,1.84617,1.59358,1.32589,1.15454,1.14418
2021-11-01,5.97292,1,743,5.36125,4.76077,4.60782,4.50537,4.33164,4.10917,3.67474,2.66662,1.84617,1.59358,1.32589,1.15454
2021-12-01,6.17939,1,744,5.97292,5.36125,4.76077,4.60782,4.50537,4.33164,4.10917,3.67474,2.66662,1.84617,1.59358,1.32589
2022-01-01,6.30921,1,745,6.17939,5.97292,5.36125,4.76077,4.60782,4.50537,4.33164,4.10917,3.67474,2.66662,1.84617,1.59358
2022-02-01,6.59147,1,746,6.30921,6.17939,5.97292,5.36125,4.76077,4.60782,4.50537,4.33164,4.10917,3.67474,2.66662,1.84617
2022-03-01,6.96708,1,747,6.59147,6.30921,6.17939,5.97292,5.36125,4.76077,4.60782,4.50537,4.33164,4.10917,3.67474,2.66662
2022-04-01,6.70154,1,748,6.96708,6.59147,6.30921,6.17939,5.97292,5.36125,4.76077,4.60782,4.50537,4.33164,4.10917,3.67474
2022-05-01,6.80138,1,749,6.70154,6.96708,6.59147,6.30921,6.17939,5.97292,5.36125,4.76077,4.60782,4.50537,4.33164,4.10917
2022-06-01,7.24887,1,750,6.80138,6.70154,6.96708,6.59147,6.30921,6.17939,5.97292,5.36125,4.76077,4.60782,4.50537,4.33164
2022-07-01,6.76001,1,751,7.24887,6.80138,6.70154,6.96708,6.59147,6.30921,6.17939,5.97292,5.36125,4.76077,4.60782,4.50537
2022-08-01,6.63689,1,752,6.76001,7.24887,6.80138,6.70154,6.96708,6.59147,6.30921,6.17939,5.97292,5.36125,4.76077,4.60782
2022-09-01,6.66079,1,753,6.63689,6.76001,7.24887,6.80138,6.70154,6.96708,6.59147,6.30921,6.17939,5.97292,5.36125,4.76077
2022-10-01,6.45651,1,754,6.66079,6.63689,6.76001,7.24887,6.80138,6.70154,6.96708,6.59147,6.30921,6.17939,5.97292,5.36125
2022-11-01,6.01829,1,755,6.45651,6.66079,6.63689,6.76001,7.24887,6.80138,6.70154,6.96708,6.59147,6.30921,6.17939,5.97292
2022-12-01,5.50877,1,756,6.01829,6.45651,6.66079,6.63689,6.76001,7.24887,6.80138,6.70154,6.96708,6.59147,6.30921,6.17939
2023-01-01,5.52511,1,757,5.50877,6.01829,6.45651,6.66079,6.63689,6.76001,7.24887,6.80138,6.70154,6.96708,6.59147,6.30921
2023-02-01,5.20932,1,758,5.52511,5.50877,6.01829,6.45651,6.66079,6.63689,6.76001,7.24887,6.80138,6.70154,6.96708,6.59147
2023-03-01,4.42313,1,759,5.20932,5.52511,5.50877,6.01829,6.45651,6.66079,6.63689,6.76001,7.24887,6.80138,6.70154,6.96708
2023-04-01,4.46254,1,760,4.42313,5.20932,5.52511,5.50877,6.01829,6.45651,6.66079,6.63689,6.76001,7.24887,6.80138,6.70154
2023-05-01,3.97951,1,761,4.46254,4.42313,5.20932,5.52511,5.50877,6.01829,6.45651,6.66079,6.63689,6.76001,7.24887,6.80138
2023-06-01,3.26157,1,762,3.97951,4.46254,4.42313,5.20932,5.52511,5.50877,6.01829,6.45651,6.66079,6.63689,6.76001,7.24887
2023-07-01,3.37385,1,763,3.26157,3.97951,4.46254,4.42313,5.20932,5.52511,5.50877,6.01829,6.45651,6.66079,6.63689,6.76001
2023-08-01,3.38712,1,764,3.37385,3.26157,3.97951,4.46254,4.42313,5.20932,5.52511,5.50877,6.01829,6.45651,6.66079,6.63689
2023-09-01,3.41634,1,765,3.38712,3.37385,3.26157,3.97951,4.46254,4.42313,5.20932,5.52511,5.50877,6.01829,6.45651,6.66079
2023-10-01,2.99429,1,766,3.41634,3.38712,3.37385,3.26157,3.97951,4.46254,4.42313,5.20932,5.52511,5.50877,6.01829,6.45651
2023-11-01,2.70172,1,767,2.99429,3.41634,3.38712,3.37385,3.26157,3.97951,4.46254,4.42313,5.20932,5.52511,5.50877,6.01829
2023-12-01,2.70179,1,768,2.70172,2.99429,3.41634,3.38712,3.37385,3.26157,3.97951,4.46254,4.42313,5.20932,5.52511,5.50877
2024-01-01,2.61161,1,769,2.70179,2.70172,2.99429,3.41634,3.38712,3.37385,3.26157,3.97951,4.46254,4.42313,5.20932,5.52511
2024-02-01,2.59043,1,770,2.61161,2.70179,2.70172,2.99429,3.41634,3.38712,3.37385,3.26157,3.97951,4.46254,4.42313,5.20932
2024-03-01,2.80963,1,771,2.59043,2.61161,2.70179,2.70172,2.99429,3.41634,3.38712,3.37385,3.26157,3.97951,4.46254,4.42313
2024-04-01,2.72068,1,772,2.80963,2.59043,2.61161,2.70179,2.70172,2.99429,3.41634,3.38712,3.37385,3.26157,3.97951,4.46254
2024-05-01,2.56701,1,773,2.72068,2.80963,2.59043,2.61161,2.70179,2.70172,2.99429,3.41634,3.38712,3.37385,3.26157,3.97951
2024-06-01,2.43617,1,774,2.56701,2.72068,2.80963,2.59043,2.61161,2.70179,2.70172,2.99429,3.41634,3.38712,3.37385,3.26157
2024-07-01,2.45444,1,775,2.43617,2.56701,2.72068,2.80963,2.59043,2.61161,2.70179,2.70172,2.99429,3.41634,3.38712,3.37385
2024-08-01,2.23618,1,776,2.45444,2.43617,2.56701,2.72068,2.80963,2.59043,2.61161,2.70179,2.70172,2.99429,3.41634,3.38712
